user_id,user_age,user_location,video_id,rating,watch_history,watch_time
1,27,Australia,349,1.5,Video_790,18:27:58
2,32,USA,849,4.2,Video_1980,22:12:57
3,51,Australia,1457,2.1,Video_378,5:21:41
4,14,Australia,477,1.3,Video_206,13:54:15
5,55,UK,641,3.1,Video_826,18:48:31
6,33,Canada,1429,2.5,Video_1109,10:44:07
7,65,France,1211,3.7,Video_1118,15:04:03
8,13,Germany,1069,1.4,Video_1958,23:57:27
9,53,Brazil,857,3.3,Video_563,0:41:25
10,47,UK,1951,4.6,Video_672,8:21:35
11,33,Japan,874,2.1,Video_1385,7:56:42
12,39,Germany,1402,2.4,Video_1838,3:13:37
13,62,USA,676,2.5,Video_142,1:35:57
14,42,Canada,1701,1.7,Video_1754,0:56:49
15,46,Australia,1973,2.6,Video_550,16:30:23
16,62,Brazil,1091,1.5,Video_554,5:36:02
17,64,Australia,725,1.2,Video_859,15:38:01
18,60,Japan,679,2.7,Video_68,3:00:25
19,58,France,506,4.5,Video_142,0:12:06
20,26,Brazil,1508,4.8,Video_760,20:48:22
21,36,UK,1908,1.5,Video_1027,10:40:51
22,62,France,1733,2.0,Video_1497,15:00:51
23,18,USA,1269,2.4,Video_1193,15:25:15
24,35,Brazil,1751,2.0,Video_1765,17:15:14
25,41,India,392,4.7,Video_1571,15:45:04
26,40,USA,1956,1.6,Video_609,9:05:53
27,52,Australia,1172,1.2,Video_740,3:12:36
28,64,Brazil,309,3.4,Video_1670,19:09:26
29,62,Germany,62,4.7,Video_769,5:35:24
30,37,USA,1786,2.1,Video_1727,0:14:58
31,67,France,1781,3.6,Video_31,7:04:52
32,63,Japan,1313,2.8,Video_745,21:33:10
33,45,UK,1075,4.3,Video_1342,16:01:33
34,41,Canada,1552,3.4,Video_794,13:43:40
35,13,Brazil,16,2.3,Video_962,11:24:30
36,34,France,988,4.0,Video_846,5:57:57
37,39,Canada,185,2.0,Video_870,0:23:27
38,33,USA,851,3.1,Video_1627,18:28:40
39,54,Germany,1762,3.2,Video_1082,3:34:27
40,37,Australia,920,4.3,Video_327,6:02:08
41,57,USA,1111,1.2,Video_1539,13:55:24
42,24,India,1778,1.5,Video_634,4:52:23
43,43,UK,1076,1.8,Video_1087,14:24:09
44,59,Canada,1182,2.0,Video_1823,6:25:37
45,57,UK,782,4.3,Video_1266,12:29:06
46,40,India,1678,5.0,Video_975,12:37:47
47,58,India,1645,5.0,Video_1461,8:32:30
48,70,Germany,1754,3.2,Video_1962,7:17:17
49,20,Germany,1382,4.8,Video_1210,20:23:58
50,27,Brazil,1506,2.6,Video_1230,1:27:23
51,44,USA,1353,3.0,Video_807,3:37:08
52,44,Australia,665,3.1,Video_356,3:08:16
53,49,India,1923,1.7,Video_1227,1:00:03
54,68,Germany,337,2.8,Video_125,14:13:39
55,49,Germany,1728,1.2,Video_1695,0:15:26
56,25,France,1665,4.4,Video_801,10:23:44
57,68,Canada,1740,2.3,Video_1272,12:52:58
58,58,USA,1647,3.3,Video_916,10:14:34
59,34,Canada,1129,1.0,Video_106,21:26:12
60,21,Brazil,1934,3.4,Video_1971,12:40:51
61,60,India,308,3.9,Video_1498,0:42:41
62,19,France,1634,3.8,Video_153,15:00:15
63,14,Japan,1452,2.0,Video_1357,7:35:19
64,62,Brazil,1793,3.7,Video_49,9:31:54
65,54,Germany,1464,4.2,Video_681,6:45:48
66,17,Japan,146,4.8,Video_1288,8:23:56
67,19,Australia,148,4.8,Video_1992,1:48:08
68,60,Canada,466,4.0,Video_1167,23:15:20
69,56,Australia,166,4.5,Video_703,16:06:34
70,40,France,777,3.8,Video_67,19:14:15
71,26,Canada,1748,3.9,Video_1467,6:32:13
72,61,Japan,1310,4.6,Video_1974,5:46:22
73,41,Germany,852,4.2,Video_930,18:49:16
74,43,France,1914,2.0,Video_1030,23:37:49
75,27,Japan,47,3.3,Video_1050,12:41:51
76,63,India,680,1.2,Video_590,7:55:31
77,42,Brazil,1245,2.6,Video_869,19:07:32
78,22,Japan,96,3.5,Video_175,9:36:03
79,25,Brazil,1018,1.0,Video_1900,2:29:26
80,61,Japan,1428,1.4,Video_838,3:22:20
81,57,UK,1444,2.1,Video_1751,6:30:38
82,38,Japan,1265,1.5,Video_1292,18:02:48
83,50,Germany,1655,2.8,Video_1561,22:08:14
84,28,France,68,2.1,Video_1502,14:04:50
85,60,Germany,1467,1.3,Video_1432,23:54:24
86,44,France,1746,2.3,Video_32,10:13:53
87,26,Japan,88,3.3,Video_871,12:30:56
88,34,India,1197,3.1,Video_1775,21:40:41
89,47,France,586,3.0,Video_210,21:43:28
90,43,UK,1377,1.3,Video_788,11:56:47
91,66,Brazil,189,4.4,Video_901,18:09:21
92,14,France,769,3.0,Video_953,21:43:39
93,36,Brazil,1949,4.2,Video_463,16:40:25
94,54,India,1117,2.0,Video_1972,12:24:20
95,13,Australia,1385,3.3,Video_609,5:53:26
96,55,Canada,1901,4.8,Video_710,10:57:16
97,35,Germany,532,4.2,Video_798,5:25:55
98,32,USA,1040,1.2,Video_1079,10:26:03
99,65,USA,152,3.4,Video_1185,5:47:24
100,52,Australia,598,4.2,Video_1937,1:39:15
101,62,USA,1127,4.5,Video_1296,0:27:47
102,43,France,1638,4.0,Video_1990,23:39:22
103,34,France,439,2.6,Video_350,6:40:39
104,44,Canada,1934,3.3,Video_1010,2:56:00
105,34,Japan,1845,4.4,Video_29,14:53:26
106,55,France,1648,2.4,Video_516,14:48:17
107,64,Canada,1946,2.0,Video_1435,1:06:27
108,17,USA,1425,3.2,Video_1355,2:25:24
109,24,India,671,2.7,Video_1897,13:09:34
110,34,Japan,497,4.1,Video_778,15:17:28
111,17,Australia,606,3.7,Video_472,14:44:51
112,62,France,1870,3.5,Video_1793,0:33:38
113,56,France,1752,1.8,Video_576,0:49:42
114,45,Australia,1913,2.0,Video_1708,15:19:37
115,18,Canada,1865,3.5,Video_1460,13:24:30
116,26,USA,986,1.4,Video_107,23:53:37
117,65,UK,1462,2.1,Video_1117,10:45:31
118,58,Japan,699,3.0,Video_40,7:40:44
119,55,Australia,1156,1.3,Video_619,12:23:53
120,55,France,1538,2.0,Video_168,21:16:06
121,60,India,1606,2.3,Video_1781,5:56:28
122,67,Germany,483,2.5,Video_58,9:15:02
123,20,India,959,4.6,Video_1376,1:28:18
124,70,Canada,1393,2.1,Video_463,21:39:05
125,41,Brazil,317,3.0,Video_1218,3:59:26
126,16,India,113,2.1,Video_1562,19:21:06
127,40,Japan,319,1.4,Video_374,15:08:42
128,13,Japan,1107,2.7,Video_1606,18:00:50
129,37,Australia,1827,1.2,Video_80,8:39:55
130,47,France,794,4.3,Video_259,19:07:13
131,32,France,1183,2.8,Video_73,20:48:12
132,35,UK,1964,2.0,Video_1583,22:50:54
133,37,UK,417,4.4,Video_49,21:22:07
134,30,India,1559,3.2,Video_1706,12:09:57
135,23,Australia,631,3.2,Video_9,23:06:00
136,39,India,1614,2.5,Video_1211,16:25:30
137,59,UK,1415,3.1,Video_1480,19:23:37
138,13,USA,6,3.9,Video_789,17:15:19
139,55,Germany,756,2.2,Video_319,16:49:55
140,24,India,420,1.3,Video_76,17:49:41
141,62,Canada,175,3.1,Video_1042,18:32:06
142,68,Germany,525,3.0,Video_170,18:10:11
143,45,UK,1036,2.1,Video_1114,10:43:42
144,18,India,361,2.4,Video_538,13:22:52
145,30,Brazil,1935,1.3,Video_230,9:38:48
146,62,USA,1972,3.3,Video_1932,12:48:27
147,30,USA,588,1.1,Video_1117,13:11:55
148,69,Japan,249,2.9,Video_133,17:04:27
149,33,Canada,1643,1.8,Video_907,22:42:57
150,56,UK,1059,3.4,Video_1552,8:14:03
151,25,Australia,7,2.1,Video_54,9:57:54
152,63,France,1433,4.4,Video_1230,5:28:55
153,67,UK,1053,3.9,Video_455,16:43:25
154,15,Australia,570,3.8,Video_1304,18:03:18
155,33,France,1958,3.0,Video_1531,4:53:12
156,20,India,256,2.2,Video_621,23:18:49
157,46,Australia,265,2.1,Video_397,12:26:15
158,46,France,1280,3.6,Video_1557,19:45:21
159,59,UK,1160,1.4,Video_1338,14:50:26
160,65,USA,1197,3.2,Video_1677,6:16:17
161,59,France,363,4.0,Video_910,15:34:30
162,36,Canada,745,4.6,Video_1423,15:48:09
163,56,India,1996,4.3,Video_1312,4:33:20
164,23,Australia,1841,5.0,Video_451,6:24:14
165,44,Germany,1011,1.8,Video_1772,2:35:01
166,58,India,61,2.5,Video_1037,9:44:11
167,34,Australia,64,1.9,Video_953,4:37:05
168,67,Australia,1756,4.2,Video_870,4:55:16
169,60,Brazil,812,4.1,Video_1588,10:39:31
170,49,France,1067,3.6,Video_500,6:19:10
171,59,UK,248,3.3,Video_122,4:39:31
172,56,USA,152,3.3,Video_1167,1:37:39
173,47,France,846,3.2,Video_935,21:46:57
174,22,Brazil,1828,2.3,Video_1391,10:55:10
175,67,Brazil,457,2.6,Video_1441,12:15:51
176,17,India,483,2.2,Video_747,4:30:51
177,32,Canada,677,2.0,Video_446,15:18:31
178,13,USA,1921,2.3,Video_1575,12:04:34
179,64,USA,1023,3.7,Video_921,1:00:25
180,22,Australia,148,4.6,Video_1187,13:04:31
181,70,UK,1705,4.9,Video_1496,18:18:34
182,65,Brazil,243,1.5,Video_1996,22:00:43
183,25,Brazil,303,4.4,Video_1248,3:41:50
184,37,Brazil,732,1.7,Video_1524,17:43:35
185,28,France,1017,1.1,Video_1861,0:27:54
186,25,France,310,4.2,Video_1862,23:53:32
187,40,Canada,149,4.1,Video_678,19:21:45
188,24,USA,1996,3.4,Video_771,7:47:44
189,13,France,446,2.2,Video_202,12:48:17
190,42,India,313,3.1,Video_1008,17:27:32
191,47,Canada,1127,2.0,Video_776,0:10:48
192,43,India,1030,4.2,Video_583,12:51:22
193,45,India,15,3.7,Video_1811,5:40:46
194,49,France,1131,1.8,Video_1060,14:10:50
195,51,Japan,1533,2.0,Video_796,23:21:58
196,45,France,341,2.8,Video_1311,2:21:09
197,45,Australia,1777,4.2,Video_66,21:27:46
198,63,India,1496,2.0,Video_681,3:58:59
199,33,Canada,779,4.1,Video_1936,2:52:30
200,40,Canada,586,4.6,Video_399,0:42:49
201,32,UK,551,3.8,Video_833,5:35:19
202,43,Brazil,839,3.1,Video_1066,19:30:40
203,62,USA,944,4.0,Video_392,5:35:49
204,39,USA,386,2.0,Video_1327,15:18:17
205,68,USA,214,4.8,Video_684,2:48:35
206,43,Canada,816,1.7,Video_365,2:37:16
207,49,Germany,202,4.7,Video_1037,17:31:59
208,15,Australia,1562,1.5,Video_1578,14:40:33
209,37,France,1805,3.9,Video_170,23:21:29
210,57,USA,512,2.1,Video_581,5:08:12
211,52,Japan,56,4.5,Video_999,19:58:50
212,43,USA,286,3.1,Video_104,9:37:33
213,70,USA,1346,3.7,Video_1893,19:02:24
214,36,France,1260,3.5,Video_1596,9:06:51
215,52,Brazil,1020,1.8,Video_463,5:09:13
216,44,Brazil,690,1.5,Video_898,10:27:42
217,24,Australia,405,2.2,Video_545,15:24:41
218,62,Brazil,102,4.7,Video_908,18:47:24
219,34,USA,690,4.1,Video_67,14:38:28
220,25,France,890,1.7,Video_161,13:03:58
221,20,UK,1966,1.2,Video_140,21:30:36
222,51,UK,1532,2.1,Video_1804,1:26:19
223,34,India,886,3.4,Video_1442,16:14:53
224,64,UK,226,3.2,Video_1370,5:13:32
225,38,Canada,444,3.2,Video_49,3:12:32
226,42,Japan,1522,1.7,Video_1781,23:01:23
227,64,Japan,846,4.8,Video_1467,9:31:00
228,66,USA,1084,3.7,Video_26,5:01:59
229,26,UK,550,1.4,Video_1660,0:26:30
230,68,Canada,492,3.7,Video_1746,19:33:29
231,34,UK,1401,4.6,Video_125,20:16:45
232,70,Germany,1371,3.7,Video_1261,0:17:46
233,34,India,1328,1.2,Video_1182,6:52:03
234,26,UK,659,1.6,Video_1862,22:25:53
235,66,Canada,594,1.8,Video_1735,7:45:24
236,58,Brazil,253,1.8,Video_589,0:21:56
237,27,USA,1359,3.6,Video_996,20:20:09
238,63,Japan,87,3.7,Video_1443,16:18:32
239,42,India,162,2.4,Video_1139,11:25:17
240,19,Australia,86,4.1,Video_413,1:49:13
241,29,France,1664,3.2,Video_867,5:35:55
242,24,UK,787,1.9,Video_1713,16:08:20
243,40,USA,1827,1.8,Video_1747,5:19:12
244,41,Brazil,1508,1.1,Video_1407,1:10:38
245,66,Germany,351,1.5,Video_1446,4:38:23
246,17,UK,910,1.0,Video_1168,6:32:47
247,17,Japan,862,2.1,Video_605,18:25:47
248,70,USA,155,3.7,Video_1448,11:08:14
249,62,UK,1138,1.3,Video_1807,17:42:28
250,26,USA,640,1.9,Video_1572,14:03:25
251,63,India,9,2.4,Video_1095,19:33:38
252,53,Canada,75,2.4,Video_572,3:03:44
253,60,Germany,1854,3.5,Video_1982,15:30:31
254,19,Australia,627,1.3,Video_1742,18:52:10
255,20,USA,528,2.0,Video_179,1:33:55
256,56,UK,470,4.2,Video_1743,5:13:06
257,62,Brazil,902,3.9,Video_1220,14:42:42
258,62,Australia,1009,4.2,Video_853,19:25:23
259,57,Brazil,221,4.7,Video_1148,16:20:07
260,34,India,1824,2.0,Video_536,23:54:53
261,29,Australia,1897,3.1,Video_788,15:24:26
262,25,USA,89,3.2,Video_1928,1:07:07
263,40,USA,1071,1.7,Video_1981,18:05:31
264,56,India,450,3.2,Video_1626,22:15:36
265,31,Australia,1801,2.8,Video_687,15:26:04
266,45,Australia,1706,4.0,Video_203,12:48:28
267,69,USA,1432,3.0,Video_1824,12:44:08
268,45,Brazil,59,2.8,Video_330,1:41:37
269,35,France,244,2.8,Video_1268,13:31:00
270,13,France,1763,4.4,Video_1577,21:13:03
271,34,Canada,932,1.8,Video_1309,13:39:57
272,70,Japan,1338,3.8,Video_761,18:41:52
273,66,USA,1342,3.3,Video_1610,8:29:33
274,67,Australia,601,2.1,Video_28,2:05:30
275,59,India,1465,2.6,Video_324,12:08:03
276,54,USA,1754,3.2,Video_64,10:48:16
277,68,Brazil,1557,4.8,Video_1366,9:49:52
278,38,Canada,1296,2.4,Video_1527,8:12:46
279,30,USA,184,3.5,Video_1408,20:40:21
280,67,Brazil,1741,3.8,Video_245,17:09:38
281,41,Japan,1516,4.2,Video_773,10:11:59
282,26,Canada,328,3.3,Video_1747,18:52:59
283,68,India,1282,3.5,Video_169,19:46:16
284,59,India,1524,3.1,Video_1504,17:42:16
285,40,India,906,2.4,Video_1991,20:05:48
286,27,UK,516,2.5,Video_565,23:37:28
287,33,Brazil,1182,2.8,Video_343,2:17:02
288,66,UK,72,2.3,Video_759,7:33:39
289,16,India,1269,2.4,Video_998,8:02:24
290,28,Canada,1026,1.0,Video_1374,7:57:01
291,22,USA,1899,2.4,Video_1252,15:28:28
292,17,USA,5,2.9,Video_1582,21:10:06
293,16,India,1035,4.1,Video_418,12:18:28
294,44,UK,76,1.1,Video_1328,20:44:01
295,15,Brazil,784,4.2,Video_1131,12:05:32
296,30,Japan,1174,3.3,Video_1534,14:56:27
297,48,Japan,1994,4.9,Video_1221,16:21:08
298,48,USA,414,2.9,Video_960,10:33:15
299,41,UK,492,2.0,Video_953,10:13:25
300,41,UK,216,4.7,Video_1128,15:23:56
301,18,India,1253,4.7,Video_1215,7:51:16
302,60,India,1660,2.7,Video_1521,22:52:59
303,27,Australia,734,4.4,Video_1739,4:13:58
304,49,Canada,694,3.6,Video_750,10:11:27
305,28,Canada,661,2.4,Video_1675,5:19:59
306,32,Canada,1609,3.7,Video_93,9:29:58
307,17,UK,1050,2.8,Video_159,19:07:03
308,28,Australia,1054,4.3,Video_1524,2:49:59
309,28,Japan,804,3.6,Video_299,0:44:46
310,27,Germany,194,5.0,Video_1950,0:20:30
311,17,Australia,277,1.5,Video_18,22:30:42
312,48,Canada,1700,2.0,Video_1985,6:03:12
313,28,Canada,1975,2.0,Video_900,9:37:32
314,56,Australia,944,3.9,Video_1332,7:22:52
315,44,France,1853,2.1,Video_1925,2:32:57
316,24,Germany,150,4.6,Video_1752,21:46:12
317,35,Brazil,845,3.5,Video_1621,10:03:09
318,63,Australia,941,4.5,Video_1239,0:31:50
319,24,USA,1634,2.3,Video_1299,9:49:54
320,30,Canada,55,4.9,Video_1540,13:04:51
321,25,USA,452,3.4,Video_98,19:32:33
322,61,France,1714,2.9,Video_232,9:47:04
323,32,USA,876,4.9,Video_898,8:48:31
324,51,Canada,1241,1.8,Video_1803,13:37:02
325,61,Germany,1921,4.0,Video_265,8:50:11
326,64,UK,1649,2.5,Video_62,2:09:39
327,44,Brazil,890,4.3,Video_223,15:23:54
328,15,Brazil,459,3.6,Video_1662,2:38:23
329,43,Canada,273,2.7,Video_1306,6:40:13
330,29,Canada,236,3.9,Video_1701,5:46:20
331,67,UK,1975,1.8,Video_1370,14:29:35
332,21,Japan,1507,1.5,Video_1515,17:30:12
333,46,UK,1132,3.9,Video_425,16:24:55
334,58,UK,1736,3.3,Video_1282,14:32:17
335,36,Canada,1739,1.7,Video_822,2:53:14
336,46,India,1035,1.1,Video_605,13:45:30
337,28,Germany,1654,2.9,Video_427,2:10:17
338,59,UK,423,3.4,Video_746,11:04:49
339,23,Canada,1800,3.8,Video_493,17:04:11
340,25,Japan,1753,3.4,Video_1796,8:33:54
341,14,Australia,454,1.3,Video_1099,12:45:38
342,43,France,81,1.5,Video_806,6:48:25
343,25,Japan,461,3.0,Video_1047,20:40:32
344,35,Japan,208,4.7,Video_1396,1:58:05
345,56,India,1896,1.8,Video_1110,19:15:49
346,36,Brazil,1723,4.8,Video_403,18:26:48
347,22,Japan,1392,2.7,Video_675,0:08:17
348,19,Brazil,697,2.5,Video_855,18:45:51
349,65,Australia,598,3.0,Video_509,23:15:37
350,55,Brazil,1730,3.8,Video_1923,5:50:22
351,55,Canada,129,1.8,Video_1034,6:10:15
352,60,USA,1916,1.1,Video_174,3:18:17
353,32,India,62,1.2,Video_355,20:07:18
354,49,Australia,48,4.5,Video_1856,14:38:18
355,58,Japan,1020,4.8,Video_903,13:15:38
356,13,India,1862,3.5,Video_1156,11:29:10
357,58,India,471,1.4,Video_414,7:37:06
358,66,Brazil,1364,2.3,Video_726,13:21:18
359,37,Australia,1563,3.3,Video_956,17:30:05
360,46,USA,245,1.2,Video_1763,14:40:52
361,52,Germany,829,4.6,Video_243,0:45:08
362,15,Brazil,1312,1.1,Video_1312,23:57:51
363,27,Canada,951,2.5,Video_918,11:48:34
364,65,Australia,146,3.6,Video_288,3:27:59
365,34,Germany,324,1.9,Video_566,17:51:51
366,27,Canada,1985,1.9,Video_1104,1:58:54
367,70,Germany,638,1.7,Video_727,22:03:13
368,34,India,557,2.5,Video_98,20:49:13
369,69,Australia,832,4.8,Video_122,8:17:51
370,55,USA,778,3.8,Video_1377,3:37:40
371,41,Brazil,376,2.4,Video_222,7:06:41
372,24,UK,778,3.7,Video_211,3:06:00
373,70,France,1440,4.5,Video_599,14:41:41
374,54,India,1359,3.5,Video_795,15:48:38
375,42,Australia,410,1.8,Video_497,13:01:52
376,68,Canada,263,4.1,Video_209,1:47:09
377,60,Japan,1021,3.7,Video_284,16:19:38
378,27,India,1317,2.6,Video_240,2:25:30
379,50,Japan,1396,3.4,Video_1825,14:54:12
380,69,Canada,323,2.1,Video_417,18:50:00
381,55,USA,884,2.8,Video_1599,8:13:46
382,37,France,826,2.8,Video_430,12:53:28
383,60,India,696,4.8,Video_1149,16:59:21
384,13,USA,1571,1.1,Video_1181,4:06:24
385,38,France,1832,2.9,Video_152,21:42:40
386,38,USA,302,1.8,Video_489,13:17:27
387,58,Australia,322,2.3,Video_1624,8:20:21
388,25,USA,123,2.1,Video_1777,19:42:19
389,52,Canada,1568,1.7,Video_642,8:43:12
390,27,Germany,409,4.0,Video_1060,13:46:04
391,66,India,1900,3.6,Video_545,19:42:35
392,64,Brazil,469,2.8,Video_193,10:18:14
393,54,India,1851,1.9,Video_1027,22:52:52
394,54,Canada,1961,1.8,Video_635,18:22:23
395,15,India,305,1.8,Video_997,17:08:05
396,62,France,717,3.5,Video_1716,21:32:56
397,28,India,110,3.8,Video_660,3:01:33
398,26,Canada,1684,1.2,Video_844,8:34:04
399,25,Japan,530,2.8,Video_1226,1:08:37
400,45,France,444,1.7,Video_955,7:41:57
401,44,India,1634,1.2,Video_967,20:49:07
402,33,USA,798,2.9,Video_57,18:00:43
403,14,India,1211,3.0,Video_693,12:24:59
404,24,Brazil,1398,1.6,Video_415,15:32:15
405,17,Australia,1387,3.8,Video_977,10:18:13
406,64,Australia,1750,4.4,Video_604,11:33:13
407,32,Japan,1216,3.9,Video_1882,6:14:24
408,70,India,1183,3.7,Video_298,10:15:53
409,34,Japan,1599,4.8,Video_1171,19:17:02
410,62,France,1831,1.2,Video_1282,17:18:18
411,21,USA,549,3.4,Video_62,14:51:35
412,30,UK,505,4.0,Video_1966,23:10:11
413,20,USA,393,4.0,Video_128,17:23:20
414,29,Germany,1111,4.1,Video_1864,14:03:44
415,35,Canada,362,3.1,Video_967,1:28:06
416,38,India,1250,1.8,Video_1917,8:00:02
417,17,UK,906,2.2,Video_1059,0:47:43
418,68,Canada,314,2.7,Video_794,16:41:02
419,43,Brazil,1518,3.7,Video_148,14:34:34
420,22,Germany,186,1.1,Video_609,12:33:59
421,18,Brazil,1677,1.6,Video_199,20:49:17
422,67,Brazil,1450,1.6,Video_1288,4:27:35
423,62,UK,1375,3.2,Video_409,15:03:02
424,59,USA,1265,4.1,Video_1749,16:36:52
425,52,Germany,49,2.2,Video_1097,16:39:49
426,51,Brazil,1805,2.5,Video_1285,5:20:24
427,61,Japan,500,1.1,Video_1992,6:00:27
428,35,Canada,1803,4.2,Video_632,3:17:14
429,14,Australia,1194,1.0,Video_61,10:33:09
430,62,Japan,714,4.0,Video_245,5:01:40
431,26,UK,527,2.5,Video_1860,17:09:38
432,49,USA,1086,3.0,Video_1353,4:10:18
433,31,Brazil,1301,2.4,Video_110,16:08:06
434,22,Brazil,1463,2.5,Video_479,18:35:47
435,13,Brazil,416,2.9,Video_1664,0:21:04
436,35,Germany,1972,4.8,Video_972,6:59:23
437,49,UK,420,3.2,Video_1972,14:02:02
438,63,Brazil,1139,4.3,Video_1894,2:51:20
439,50,Germany,1593,1.6,Video_1679,17:58:21
440,45,UK,132,3.7,Video_1688,11:15:12
441,56,Australia,1556,4.9,Video_132,21:40:01
442,51,Canada,274,1.2,Video_1922,17:26:04
443,32,Australia,1750,1.0,Video_939,18:43:02
444,17,Canada,152,2.0,Video_635,4:07:19
445,38,France,143,2.6,Video_1724,9:39:34
446,52,Canada,920,2.5,Video_674,3:45:57
447,23,USA,1424,4.9,Video_457,16:11:24
448,45,India,176,3.1,Video_1934,8:38:05
449,14,France,1481,2.9,Video_990,13:41:31
450,58,Canada,1636,4.9,Video_336,7:00:21
451,70,UK,1366,2.7,Video_358,17:20:18
452,53,Canada,1030,1.9,Video_946,15:34:55
453,33,Japan,1040,2.2,Video_849,22:48:14
454,38,France,72,2.2,Video_927,23:24:50
455,60,USA,317,1.3,Video_1596,23:03:41
456,20,India,408,2.1,Video_615,13:48:12
457,62,Brazil,48,1.6,Video_286,12:39:39
458,69,Brazil,1840,2.5,Video_1348,9:07:20
459,34,Brazil,1920,4.3,Video_213,14:50:49
460,19,India,1458,3.5,Video_747,0:50:47
461,70,Japan,392,3.8,Video_1697,12:52:50
462,21,Germany,1511,3.7,Video_1926,15:26:27
463,60,USA,1796,1.8,Video_805,2:55:50
464,45,France,98,2.0,Video_159,0:27:05
465,70,Canada,229,3.6,Video_1785,8:53:44
466,21,Australia,1907,3.3,Video_1517,17:13:04
467,64,UK,1029,1.2,Video_1438,17:13:33
468,39,Brazil,1285,1.2,Video_1711,11:42:13
469,46,France,918,1.3,Video_48,11:29:25
470,28,Brazil,921,4.6,Video_303,3:01:23
471,32,USA,72,3.8,Video_809,20:04:43
472,39,UK,1289,5.0,Video_967,11:49:02
473,48,France,1775,1.5,Video_566,8:27:49
474,25,Australia,985,4.4,Video_35,13:37:49
475,59,Australia,888,1.1,Video_1833,22:52:37
476,58,Canada,1675,4.4,Video_1298,22:37:18
477,15,India,1542,4.8,Video_1074,0:20:09
478,52,Australia,1764,2.8,Video_814,17:50:03
479,55,USA,1920,4.3,Video_35,16:05:12
480,17,Canada,937,2.2,Video_1475,16:27:59
481,52,Germany,1169,3.6,Video_1972,12:17:30
482,48,USA,866,2.0,Video_368,23:17:41
483,27,Brazil,1444,2.1,Video_896,15:03:10
484,33,Australia,212,4.8,Video_1348,5:51:02
485,63,UK,1323,3.8,Video_685,8:20:37
486,29,India,483,1.8,Video_1794,20:24:48
487,48,Australia,368,4.3,Video_821,13:16:02
488,17,France,1429,4.9,Video_1688,5:05:33
489,52,India,1083,1.4,Video_1424,20:34:05
490,40,Australia,1257,4.8,Video_164,19:05:39
491,50,Brazil,970,2.2,Video_617,12:59:16
492,47,Canada,1917,1.8,Video_73,19:29:41
493,57,Germany,871,1.3,Video_540,4:17:09
494,35,UK,1546,2.7,Video_1566,15:13:15
495,55,USA,576,3.9,Video_155,18:15:00
496,52,Germany,1257,1.6,Video_1348,3:36:36
497,23,India,1655,1.9,Video_1302,4:50:00
498,66,Germany,423,3.4,Video_74,5:35:36
499,23,UK,1627,4.5,Video_83,21:47:43
500,23,UK,154,3.7,Video_1273,1:28:03
501,42,Japan,633,3.2,Video_483,9:34:51
502,42,USA,96,4.9,Video_815,17:46:12
503,36,Germany,1878,2.2,Video_1242,19:44:18
504,59,Germany,472,1.7,Video_734,11:51:19
505,14,Australia,1493,1.1,Video_1876,13:19:06
506,14,Australia,1002,1.6,Video_535,6:19:12
507,43,Brazil,402,2.1,Video_921,1:44:11
508,43,France,414,3.3,Video_478,17:53:39
509,63,Japan,642,4.6,Video_925,19:59:35
510,25,India,1540,3.7,Video_507,3:29:49
511,48,Germany,1347,4.4,Video_783,18:22:39
512,32,Canada,751,1.3,Video_1772,19:06:08
513,67,India,1774,2.7,Video_1955,17:44:44
514,24,UK,1344,3.0,Video_1307,23:37:49
515,63,USA,276,3.0,Video_895,2:29:20
516,38,India,1520,1.6,Video_1800,20:09:21
517,54,Germany,431,3.7,Video_1582,0:58:33
518,30,USA,531,4.2,Video_982,14:26:45
519,35,USA,246,1.7,Video_822,15:19:18
520,40,France,1056,2.4,Video_1399,6:46:16
521,31,Canada,1918,2.3,Video_1576,1:53:24
522,45,Australia,231,1.4,Video_876,0:04:37
523,44,Brazil,1493,2.1,Video_1173,22:19:05
524,32,Australia,1451,1.4,Video_846,21:51:15
525,47,Canada,1210,2.6,Video_1294,8:48:24
526,55,USA,1834,3.4,Video_1550,8:14:34
527,51,France,1436,3.7,Video_1486,18:36:41
528,32,India,773,3.7,Video_129,7:05:50
529,69,Canada,734,2.0,Video_417,13:13:07
530,41,Canada,1110,2.3,Video_982,0:35:37
531,69,Canada,1894,1.1,Video_632,17:58:56
532,69,Japan,401,2.5,Video_155,5:51:24
533,43,Canada,1197,2.5,Video_673,13:31:26
534,30,Germany,852,3.0,Video_78,12:07:54
535,55,USA,962,4.3,Video_328,18:30:41
536,25,Germany,373,4.2,Video_346,16:17:30
537,70,France,738,4.8,Video_1730,23:17:48
538,26,Japan,1258,4.0,Video_830,21:45:20
539,41,France,385,4.8,Video_1007,22:44:57
540,42,Canada,1090,1.4,Video_777,3:28:36
541,56,France,1545,1.4,Video_1546,16:22:27
542,57,Brazil,549,2.3,Video_197,12:11:47
543,32,Germany,1912,2.4,Video_1271,17:12:23
544,21,Canada,1953,3.4,Video_1874,17:44:47
545,32,Australia,351,2.3,Video_196,18:52:33
546,40,Canada,1526,2.9,Video_1410,21:16:40
547,68,Brazil,268,4.7,Video_78,23:25:09
548,57,UK,397,3.9,Video_1512,14:43:38
549,20,UK,581,4.1,Video_252,4:29:45
550,22,Canada,1307,3.8,Video_977,1:35:53
551,56,Japan,1825,1.1,Video_1379,1:44:09
552,69,USA,983,1.1,Video_1902,18:43:53
553,46,India,1520,3.1,Video_1659,16:20:47
554,27,Canada,514,1.8,Video_566,8:18:40
555,32,India,526,4.5,Video_1089,18:36:33
556,42,Germany,448,2.1,Video_619,16:59:38
557,33,USA,1295,3.6,Video_448,16:38:31
558,20,Australia,1330,4.0,Video_707,19:04:09
559,13,Brazil,1918,1.4,Video_1410,0:33:10
560,68,Canada,1842,2.3,Video_793,1:03:33
561,43,Brazil,1981,2.0,Video_640,8:14:01
562,15,Australia,13,4.4,Video_515,22:33:31
563,47,France,164,3.8,Video_282,22:14:38
564,62,Germany,1078,2.0,Video_340,23:48:51
565,37,USA,1182,3.6,Video_1706,16:07:04
566,27,Japan,804,3.1,Video_982,19:30:24
567,60,USA,1310,3.4,Video_614,6:12:22
568,40,Brazil,654,1.6,Video_1267,12:55:50
569,35,USA,1656,2.8,Video_1887,17:48:01
570,13,Australia,701,1.4,Video_1992,17:16:46
571,61,Australia,604,5.0,Video_452,14:53:38
572,36,Japan,1084,1.0,Video_1947,16:49:19
573,17,UK,598,1.7,Video_686,18:22:52
574,18,Brazil,225,3.6,Video_1185,16:00:47
575,15,Japan,716,4.6,Video_36,5:20:31
576,37,UK,1024,4.6,Video_356,18:58:45
577,56,Japan,120,3.1,Video_1586,7:07:09
578,69,Australia,1520,3.0,Video_1644,4:45:12
579,53,India,658,3.6,Video_1996,0:42:31
580,18,India,1706,2.8,Video_58,18:20:55
581,43,USA,1347,4.1,Video_1729,15:44:56
582,62,Japan,435,4.0,Video_1854,22:01:44
583,56,USA,1905,3.9,Video_592,5:18:34
584,57,France,1728,4.9,Video_1173,12:02:01
585,66,UK,1230,1.1,Video_1854,8:23:34
586,38,Germany,575,2.6,Video_1767,20:51:08
587,18,Australia,1446,2.1,Video_52,13:19:27
588,36,India,1491,1.9,Video_549,5:51:38
589,57,India,649,4.7,Video_385,20:52:29
590,26,Japan,999,4.4,Video_1474,5:24:46
591,42,India,831,1.6,Video_1836,11:35:07
592,64,Japan,1560,1.3,Video_1606,20:33:27
593,34,India,1658,3.4,Video_1144,5:35:21
594,16,USA,1709,1.2,Video_893,10:44:18
595,23,France,241,2.8,Video_1546,4:34:46
596,38,Germany,548,1.9,Video_1029,23:29:40
597,48,USA,1203,1.6,Video_908,2:25:43
598,60,Japan,1706,4.5,Video_1389,21:47:23
599,44,Japan,493,2.5,Video_1197,9:54:10
600,66,USA,1175,1.4,Video_1478,10:44:21
601,63,Japan,1283,2.1,Video_1146,21:29:00
602,42,Canada,132,1.8,Video_1045,10:18:41
603,60,USA,222,4.6,Video_683,0:35:45
604,40,Japan,229,4.9,Video_634,16:20:59
605,58,Canada,1193,4.8,Video_1044,8:01:58
606,67,UK,1938,4.8,Video_850,14:53:30
607,25,Germany,1777,3.8,Video_526,23:36:38
608,48,India,1737,4.3,Video_1640,19:19:54
609,49,Brazil,1162,4.9,Video_689,16:54:41
610,69,Germany,646,2.0,Video_391,23:56:13
611,49,Canada,162,3.5,Video_1671,7:54:52
612,31,Japan,1807,2.4,Video_216,10:33:53
613,47,Canada,1636,3.3,Video_1513,17:55:59
614,15,Canada,704,4.2,Video_1793,0:02:11
615,52,Germany,348,2.9,Video_805,0:06:18
616,49,Japan,1765,1.1,Video_1990,17:58:51
617,60,Germany,1719,3.5,Video_1280,12:26:58
618,58,Canada,252,4.7,Video_1800,10:19:27
619,24,Brazil,163,3.3,Video_343,6:24:52
620,33,USA,1718,1.7,Video_1513,22:48:44
621,29,Brazil,744,2.7,Video_363,3:13:14
622,32,USA,1555,2.8,Video_1325,17:26:23
623,44,Japan,921,3.4,Video_286,7:48:14
624,22,UK,1407,2.5,Video_1485,6:20:39
625,52,France,333,4.1,Video_1661,21:37:36
626,60,Germany,108,4.7,Video_187,16:20:44
627,29,Germany,1314,1.2,Video_34,10:27:36
628,32,Japan,1108,2.8,Video_131,1:05:02
629,51,Germany,231,3.0,Video_1671,15:40:10
630,37,Australia,1382,1.7,Video_999,9:23:06
631,54,Canada,644,2.3,Video_1649,12:40:18
632,31,Australia,180,4.5,Video_1344,15:02:03
633,42,Germany,842,1.8,Video_944,0:10:18
634,24,India,1290,2.5,Video_295,22:11:56
635,24,Germany,1568,4.9,Video_839,21:22:32
636,63,USA,128,2.0,Video_1035,21:58:52
637,13,India,262,3.6,Video_1460,17:25:32
638,68,Australia,549,3.5,Video_1384,15:40:29
639,48,France,1800,3.9,Video_1455,19:30:30
640,47,Germany,190,1.1,Video_1164,5:39:53
641,37,Brazil,1829,3.9,Video_682,0:16:12
642,33,UK,379,4.8,Video_299,12:44:09
643,35,USA,1717,3.2,Video_135,2:07:55
644,66,Germany,559,3.7,Video_1096,19:25:46
645,28,Australia,417,4.3,Video_636,1:35:25
646,64,USA,1118,4.9,Video_1269,23:50:34
647,24,USA,1936,2.9,Video_1204,16:09:42
648,37,Canada,26,3.0,Video_356,23:10:23
649,13,India,1848,1.1,Video_284,22:38:04
650,60,India,1328,1.0,Video_1487,19:41:46
651,30,France,243,1.8,Video_137,23:10:39
652,67,France,132,2.2,Video_1475,19:51:20
653,61,UK,700,1.0,Video_1198,17:48:17
654,61,Japan,312,2.4,Video_1351,4:24:07
655,45,Germany,1830,3.4,Video_1954,5:34:22
656,49,Brazil,243,3.7,Video_430,16:07:36
657,67,Australia,1819,3.6,Video_1389,17:26:35
658,59,Japan,1329,2.1,Video_1477,7:34:08
659,65,USA,833,3.4,Video_310,15:12:43
660,14,Canada,106,1.5,Video_454,9:38:58
661,22,Japan,1895,3.2,Video_1759,18:14:09
662,17,India,731,1.4,Video_209,7:48:09
663,37,Japan,306,3.9,Video_1676,1:17:51
664,27,France,689,3.2,Video_1266,7:10:36
665,22,Australia,957,4.4,Video_1638,21:02:17
666,24,UK,355,3.5,Video_1132,11:02:56
667,19,Germany,1486,4.3,Video_482,7:29:38
668,47,Australia,774,1.4,Video_1613,21:57:15
669,48,Germany,721,2.7,Video_689,10:13:47
670,33,Germany,1458,4.8,Video_1391,8:56:12
671,23,USA,228,4.7,Video_220,9:26:07
672,63,Germany,537,1.6,Video_441,9:29:44
673,36,India,328,2.4,Video_1304,8:14:00
674,38,Japan,200,2.5,Video_44,14:34:51
675,66,Japan,1605,4.2,Video_466,12:16:56
676,54,Japan,1735,2.0,Video_689,10:57:47
677,45,India,948,3.6,Video_1862,18:11:29
678,39,India,1961,1.8,Video_146,8:32:24
679,16,Canada,1276,1.4,Video_305,1:38:11
680,69,France,334,4.1,Video_492,19:18:58
681,62,India,8,1.6,Video_497,2:53:26
682,36,Germany,314,2.9,Video_446,17:53:56
683,43,USA,80,1.6,Video_1832,7:05:29
684,68,Canada,1209,2.6,Video_1133,3:27:27
685,56,USA,1969,4.2,Video_909,3:26:56
686,29,Brazil,668,2.7,Video_1617,20:33:49
687,14,France,668,3.4,Video_934,14:21:37
688,34,Japan,206,1.2,Video_600,15:21:37
689,28,Germany,438,3.0,Video_1636,18:17:19
690,51,France,879,2.2,Video_152,13:25:44
691,61,India,1210,4.6,Video_556,9:11:46
692,23,Brazil,281,3.0,Video_1985,0:02:38
693,33,Canada,681,1.2,Video_78,20:00:41
694,36,Australia,1633,1.4,Video_1458,17:36:21
695,43,India,55,4.5,Video_190,13:41:41
696,40,UK,555,2.2,Video_1850,17:34:37
697,23,France,489,1.9,Video_1593,22:49:28
698,40,Australia,726,3.2,Video_1294,20:13:20
699,25,Japan,1721,1.9,Video_1937,9:37:02
700,32,Canada,1460,1.7,Video_224,16:33:12
701,30,UK,1725,3.4,Video_1422,1:38:29
702,50,USA,440,2.4,Video_1170,15:29:41
703,42,UK,633,4.6,Video_111,11:22:52
704,29,India,1168,1.5,Video_841,14:43:59
705,67,UK,832,1.8,Video_547,11:10:46
706,25,USA,693,1.5,Video_371,12:00:39
707,38,Brazil,1434,1.4,Video_1242,3:44:03
708,36,Brazil,893,1.4,Video_1937,14:39:20
709,41,France,1286,2.5,Video_836,11:30:01
710,26,Canada,1220,3.2,Video_1866,6:16:23
711,56,Brazil,672,4.8,Video_248,0:56:19
712,50,Canada,605,1.4,Video_590,16:00:02
713,46,UK,1012,1.4,Video_1124,8:52:59
714,61,UK,656,3.1,Video_1375,10:28:50
715,68,France,1757,3.8,Video_1694,15:53:43
716,57,USA,1377,1.3,Video_1133,10:45:09
717,41,USA,1849,2.2,Video_60,16:13:54
718,48,UK,1361,4.4,Video_496,4:08:57
719,67,India,12,3.7,Video_1311,2:59:41
720,27,Japan,1281,3.7,Video_1763,10:17:09
721,54,France,1366,2.4,Video_760,10:31:42
722,68,Germany,1644,1.4,Video_1174,0:08:43
723,61,Japan,1125,3.7,Video_1895,23:50:34
724,65,France,1183,2.9,Video_1916,22:50:26
725,25,Canada,1024,3.9,Video_1054,1:27:38
726,16,USA,1589,2.9,Video_1817,10:54:15
727,24,UK,1343,3.1,Video_1228,19:23:24
728,50,USA,1906,4.3,Video_1425,20:04:19
729,27,Australia,874,3.4,Video_1076,4:26:17
730,55,India,831,3.0,Video_1437,18:48:28
731,36,India,475,2.3,Video_1032,19:08:10
732,67,USA,1563,1.1,Video_630,10:27:31
733,40,Canada,1992,3.2,Video_837,3:29:54
734,50,Germany,848,1.7,Video_1423,8:50:44
735,50,Australia,902,2.2,Video_1276,20:59:03
736,20,India,1475,2.3,Video_1091,22:15:31
737,43,USA,410,2.3,Video_1335,14:22:59
738,60,France,11,1.3,Video_465,20:43:31
739,23,India,1914,1.8,Video_1758,16:02:15
740,38,Japan,947,2.2,Video_1102,15:05:55
741,52,Germany,1307,3.2,Video_1443,1:29:26
742,62,Brazil,1794,4.3,Video_622,7:46:20
743,21,France,1569,4.1,Video_1332,8:58:48
744,69,Australia,1472,4.8,Video_1576,5:35:35
745,58,USA,1311,1.9,Video_1859,12:08:23
746,46,Japan,1637,4.9,Video_430,1:58:26
747,16,India,61,4.0,Video_670,3:04:31
748,28,Japan,53,2.3,Video_1041,10:33:45
749,24,USA,731,4.0,Video_265,10:42:16
750,27,France,1963,2.6,Video_1695,11:36:40
751,51,UK,539,2.7,Video_339,6:18:39
752,27,Australia,1489,3.6,Video_946,22:37:29
753,27,Germany,1183,4.1,Video_439,19:33:48
754,45,Japan,1759,4.8,Video_1864,2:03:26
755,37,UK,1955,4.4,Video_1808,23:02:14
756,39,Canada,1337,4.9,Video_455,5:39:27
757,69,India,1540,1.0,Video_536,5:20:36
758,20,Australia,1929,3.4,Video_1605,0:38:35
759,61,Australia,173,1.0,Video_193,19:42:09
760,54,India,465,2.2,Video_211,17:43:19
761,29,UK,1482,2.0,Video_811,14:50:14
762,20,UK,1955,3.5,Video_1389,22:18:31
763,32,Germany,1532,2.3,Video_263,20:12:11
764,26,USA,725,2.4,Video_1723,18:50:00
765,22,Japan,324,3.7,Video_1242,2:03:20
766,70,USA,927,2.7,Video_1583,3:37:05
767,42,France,461,4.0,Video_1560,2:59:25
768,29,USA,171,1.6,Video_1327,10:09:10
769,35,Germany,67,2.9,Video_32,17:47:10
770,49,Canada,1389,2.1,Video_1638,22:41:04
771,31,Australia,126,1.7,Video_1497,23:35:47
772,51,Australia,944,3.6,Video_846,0:56:35
773,56,Canada,367,4.6,Video_732,15:27:27
774,20,UK,218,2.4,Video_214,17:25:33
775,32,France,50,3.5,Video_654,23:36:39
776,64,India,1524,4.9,Video_65,4:56:21
777,13,UK,473,1.5,Video_771,1:40:28
778,63,UK,1368,2.7,Video_630,8:31:08
779,61,Australia,527,1.0,Video_568,8:17:58
780,35,UK,197,2.5,Video_527,10:06:28
781,46,Canada,1239,2.0,Video_1612,5:58:04
782,33,Japan,253,1.1,Video_148,3:36:00
783,16,Brazil,1135,4.6,Video_499,9:38:48
784,17,India,1123,1.1,Video_1608,5:34:36
785,34,Australia,102,4.9,Video_92,16:39:03
786,67,France,1110,1.1,Video_1979,11:54:52
787,16,USA,848,1.4,Video_552,5:16:29
788,39,France,933,4.4,Video_482,10:05:20
789,68,Germany,1530,1.5,Video_27,0:36:27
790,25,Japan,1073,2.7,Video_194,12:25:52
791,58,USA,1069,4.1,Video_880,15:01:32
792,32,France,607,3.6,Video_1233,5:30:45
793,50,UK,1287,3.3,Video_293,3:30:31
794,20,Brazil,796,2.6,Video_928,6:15:33
795,28,Canada,580,1.2,Video_772,11:46:24
796,50,UK,495,2.4,Video_956,23:02:34
797,31,Japan,1572,2.8,Video_14,8:36:14
798,57,Germany,542,2.4,Video_1863,4:04:08
799,68,Germany,795,2.0,Video_1035,13:33:49
800,59,Brazil,1008,1.6,Video_1308,17:53:06
801,18,USA,300,1.7,Video_461,17:57:04
802,27,Canada,517,3.5,Video_1964,17:13:17
803,29,Australia,1832,2.4,Video_828,20:44:03
804,31,Japan,1494,2.1,Video_1961,16:05:19
805,50,Japan,636,3.8,Video_1829,22:55:34
806,56,France,1595,4.3,Video_651,0:16:52
807,43,Canada,70,2.5,Video_1363,16:21:08
808,27,UK,772,3.1,Video_860,6:29:09
809,34,Canada,1259,4.0,Video_1345,2:52:24
810,65,India,202,4.1,Video_974,22:11:33
811,34,France,155,1.8,Video_167,19:42:58
812,62,UK,982,1.8,Video_287,17:12:19
813,55,USA,1385,4.2,Video_81,8:02:35
814,16,Japan,543,4.0,Video_623,12:43:28
815,13,Australia,1400,4.0,Video_1313,21:12:19
816,24,Japan,260,3.1,Video_1371,5:19:45
817,22,Germany,1235,1.9,Video_31,22:35:56
818,25,USA,1588,2.6,Video_383,4:12:22
819,32,USA,807,3.3,Video_1632,6:32:28
820,42,Brazil,622,4.3,Video_317,19:01:50
821,30,Japan,1666,3.5,Video_1209,10:29:37
822,22,Canada,1851,4.1,Video_952,11:47:49
823,34,Canada,1330,3.9,Video_37,5:59:26
824,41,Brazil,572,2.7,Video_195,10:58:34
825,63,France,920,4.3,Video_188,19:33:00
826,52,India,1925,2.0,Video_87,11:28:15
827,24,Germany,86,4.7,Video_231,3:53:26
828,38,France,117,4.0,Video_555,7:21:05
829,62,Brazil,1370,3.3,Video_313,6:14:03
830,56,Australia,1817,4.8,Video_1682,2:07:55
831,32,India,962,4.8,Video_1159,19:13:00
832,14,India,1544,4.5,Video_1406,15:09:31
833,54,Canada,1118,1.9,Video_1369,8:20:00
834,59,Australia,730,1.5,Video_586,14:22:32
835,19,Australia,1181,2.4,Video_1105,18:00:20
836,43,UK,1835,1.7,Video_1888,4:06:23
837,63,Canada,882,1.0,Video_1402,23:44:53
838,69,UK,1461,2.6,Video_1828,10:45:57
839,59,France,1763,5.0,Video_930,18:55:25
840,57,UK,1181,1.9,Video_489,3:53:59
841,22,Germany,334,2.2,Video_254,4:57:29
842,23,Australia,1092,1.5,Video_1005,4:08:56
843,64,Japan,236,3.9,Video_1858,5:36:22
844,21,Germany,155,1.3,Video_14,19:10:29
845,52,Canada,1686,3.9,Video_1691,4:48:27
846,62,Canada,1934,4.3,Video_1797,17:43:45
847,58,Germany,1976,1.6,Video_1152,1:18:20
848,14,USA,43,2.8,Video_1120,23:55:29
849,17,Brazil,1030,3.3,Video_1876,11:06:11
850,65,Canada,455,2.8,Video_658,15:54:02
851,26,Canada,1282,1.0,Video_605,9:26:07
852,46,Australia,410,4.5,Video_1324,15:56:33
853,22,Japan,1427,2.9,Video_488,14:59:11
854,63,Japan,402,1.9,Video_1894,3:34:09
855,46,Germany,1054,3.0,Video_460,3:02:05
856,26,France,853,3.1,Video_932,5:35:56
857,30,Australia,224,2.0,Video_46,5:13:55
858,29,UK,475,2.3,Video_425,3:56:26
859,59,Australia,629,3.2,Video_876,8:00:14
860,58,Japan,1048,3.9,Video_1853,5:30:17
861,62,Australia,395,3.7,Video_1897,5:27:57
862,18,France,1934,4.2,Video_1745,8:28:21
863,70,Brazil,1992,2.1,Video_553,17:13:36
864,63,UK,1616,4.9,Video_1944,18:38:13
865,13,Canada,165,2.2,Video_1020,5:06:44
866,20,UK,1436,3.9,Video_550,23:01:54
867,41,Germany,68,3.3,Video_1889,1:19:51
868,49,India,1517,3.1,Video_240,3:05:39
869,29,India,736,2.5,Video_804,13:49:09
870,50,Brazil,1749,3.7,Video_1426,18:47:50
871,70,Australia,458,1.7,Video_14,21:41:58
872,25,Germany,306,4.3,Video_59,22:45:47
873,14,Brazil,1595,4.1,Video_960,15:54:44
874,55,France,529,3.1,Video_1146,0:41:40
875,13,USA,1425,4.6,Video_217,9:30:01
876,51,Germany,28,3.3,Video_549,10:03:04
877,55,USA,1066,4.6,Video_632,7:17:15
878,25,Australia,449,1.7,Video_1960,15:31:48
879,30,Australia,1332,4.9,Video_262,21:39:09
880,15,Japan,1981,4.0,Video_183,12:10:42
881,25,USA,411,2.4,Video_1715,10:39:15
882,70,USA,1593,1.0,Video_1146,0:44:51
883,29,Germany,1780,4.1,Video_1003,1:06:21
884,30,USA,541,3.1,Video_336,5:05:29
885,66,USA,951,1.9,Video_1395,14:23:50
886,13,Brazil,1446,3.2,Video_1260,1:40:05
887,55,Canada,469,2.8,Video_415,18:26:52
888,43,Australia,1155,1.3,Video_1275,0:40:01
889,26,France,597,4.1,Video_157,4:21:28
890,37,Brazil,885,3.0,Video_715,22:34:39
891,25,UK,70,2.3,Video_1336,23:23:27
892,24,India,1172,4.3,Video_1346,0:08:38
893,51,India,247,1.4,Video_1252,12:24:24
894,37,France,844,3.4,Video_1678,0:06:13
895,69,Australia,183,2.2,Video_1570,19:55:03
896,15,Germany,1888,4.1,Video_278,8:33:27
897,65,Brazil,1119,4.4,Video_1543,18:15:38
898,52,Canada,616,1.6,Video_391,15:35:55
899,61,Japan,1167,1.3,Video_1578,21:56:46
900,38,France,1316,3.7,Video_1877,20:24:40
901,26,Canada,810,3.4,Video_1888,4:24:00
902,33,France,259,2.1,Video_671,20:23:21
903,57,India,929,1.9,Video_1252,21:33:54
904,31,Australia,411,3.6,Video_1116,17:54:10
905,44,Germany,863,4.1,Video_320,15:42:14
906,54,Japan,1068,4.5,Video_957,8:14:12
907,64,UK,529,1.2,Video_1809,22:22:21
908,23,India,1137,3.4,Video_558,2:31:09
909,64,Canada,555,1.7,Video_1906,1:26:43
910,47,Australia,1981,1.9,Video_1490,22:34:53
911,50,Australia,351,3.3,Video_1381,7:13:41
912,61,USA,856,2.7,Video_312,5:45:07
913,63,Brazil,676,1.2,Video_1653,19:16:08
914,55,Brazil,1440,1.4,Video_516,10:41:33
915,43,USA,72,1.0,Video_765,21:22:44
916,56,Canada,501,2.1,Video_182,22:30:35
917,35,USA,1804,2.6,Video_847,3:23:17
918,24,Canada,1362,2.8,Video_868,10:26:52
919,25,Australia,1412,3.5,Video_199,17:08:44
920,55,Germany,895,3.3,Video_1177,13:42:37
921,49,France,1637,3.6,Video_1961,10:46:50
922,67,Australia,1608,1.1,Video_1951,23:42:02
923,62,USA,1101,4.0,Video_737,6:47:34
924,70,Canada,1736,2.8,Video_713,7:02:25
925,24,Canada,1075,2.5,Video_1978,9:14:05
926,14,Japan,114,3.9,Video_1167,3:05:10
927,33,Brazil,983,3.5,Video_1984,18:22:24
928,22,Brazil,1271,3.4,Video_673,16:52:23
929,44,Japan,202,3.9,Video_751,5:40:56
930,43,India,1157,2.8,Video_907,22:38:17
931,19,Brazil,390,1.9,Video_1626,16:06:04
932,53,USA,278,4.5,Video_849,11:54:02
933,49,Australia,1997,1.6,Video_1014,23:35:52
934,60,Germany,1071,2.8,Video_1980,3:27:47
935,44,Japan,196,2.3,Video_1430,22:06:13
936,30,USA,1594,2.8,Video_909,12:21:23
937,41,India,541,4.5,Video_72,5:03:48
938,29,Canada,1924,4.6,Video_67,19:41:01
939,48,Australia,649,1.5,Video_688,0:31:44
940,14,Germany,662,1.6,Video_899,2:07:02
941,26,Australia,1343,4.5,Video_1999,12:30:13
942,15,USA,117,3.5,Video_807,15:32:14
943,66,Germany,81,2.1,Video_1242,22:33:16
944,23,USA,437,1.0,Video_75,0:31:59
945,67,India,1334,2.0,Video_1156,21:01:14
946,27,Germany,1128,1.7,Video_1410,8:06:54
947,55,France,97,3.0,Video_1934,0:23:49
948,69,France,798,4.7,Video_1181,16:34:54
949,16,Australia,1298,1.9,Video_719,7:22:18
950,46,UK,1435,2.4,Video_1057,22:31:00
951,50,Australia,1579,1.3,Video_425,2:34:43
952,59,Canada,1737,2.6,Video_1854,18:51:45
953,64,UK,826,4.4,Video_1318,16:20:20
954,36,France,1808,1.8,Video_1446,12:41:13
955,25,Australia,1069,3.4,Video_1709,14:47:40
956,70,Japan,1529,1.5,Video_1509,3:08:20
957,65,UK,932,4.4,Video_925,15:03:18
958,38,Australia,1029,3.9,Video_1547,22:53:38
959,52,USA,1402,3.8,Video_1090,8:08:44
960,52,Brazil,1199,2.5,Video_826,4:37:10
961,32,India,888,4.4,Video_1953,18:47:00
962,53,France,1287,4.0,Video_1406,11:26:59
963,32,Australia,713,5.0,Video_1848,11:14:09
964,55,USA,200,4.9,Video_458,19:04:31
965,38,Germany,770,2.3,Video_1752,19:34:16
966,34,France,840,1.7,Video_690,2:13:21
967,43,Japan,1279,2.8,Video_1181,10:15:14
968,14,Brazil,1743,3.4,Video_1729,14:55:14
969,55,Germany,1040,2.8,Video_1718,4:38:52
970,23,France,1200,2.3,Video_1620,3:47:00
971,25,Japan,112,4.5,Video_1107,6:06:46
972,26,Germany,436,2.2,Video_426,22:11:31
973,17,Canada,1071,1.1,Video_439,1:55:33
974,21,USA,1026,2.4,Video_474,11:06:24
975,65,Canada,1368,4.5,Video_1554,9:55:30
976,22,France,1917,3.1,Video_581,9:25:17
977,30,India,1953,1.8,Video_1015,22:22:20
978,40,USA,1817,4.9,Video_410,6:09:56
979,38,Australia,609,4.5,Video_520,6:50:32
980,67,UK,157,4.9,Video_719,19:42:18
981,27,Germany,1359,1.3,Video_768,8:19:22
982,37,Australia,1100,1.7,Video_1812,23:08:45
983,53,Germany,1141,2.5,Video_1803,7:42:46
984,26,UK,1434,2.8,Video_83,15:55:51
985,32,USA,1253,3.7,Video_1452,7:59:10
986,45,UK,13,2.9,Video_1287,23:28:33
987,14,France,1315,2.4,Video_599,4:11:19
988,39,USA,1154,1.7,Video_223,5:21:04
989,66,Australia,118,3.9,Video_559,14:02:22
990,54,Brazil,640,2.9,Video_1326,2:46:43
991,39,Germany,799,3.7,Video_1099,14:51:00
992,50,Canada,370,4.7,Video_1908,13:11:43
993,15,Brazil,1014,2.2,Video_983,11:31:11
994,13,Brazil,1298,4.1,Video_1094,8:28:00
995,23,France,1759,4.7,Video_817,8:00:04
996,62,Japan,890,3.8,Video_1778,9:41:12
997,42,Canada,720,4.5,Video_1298,14:56:06
998,39,Brazil,1348,4.9,Video_1371,13:49:40
999,29,France,1849,3.4,Video_1540,5:57:57
1000,43,Germany,1431,4.9,Video_1227,8:57:00
1001,15,Germany,1376,3.8,Video_772,17:51:34
1002,34,Germany,351,4.9,Video_539,8:29:42
1003,52,Brazil,534,1.6,Video_442,1:37:40
1004,47,Germany,1068,3.7,Video_145,19:07:41
1005,60,Brazil,1103,4.4,Video_240,6:39:57
1006,39,India,580,4.9,Video_555,13:00:56
1007,61,UK,1967,2.8,Video_1240,8:53:26
1008,68,Germany,527,4.1,Video_428,17:12:07
1009,45,Germany,1338,2.0,Video_1178,5:13:11
1010,49,Japan,1836,4.4,Video_1253,12:54:41
1011,43,Japan,385,1.7,Video_1915,21:51:53
1012,64,Brazil,1767,3.9,Video_685,23:19:33
1013,62,France,253,1.4,Video_1300,17:14:40
1014,63,Japan,151,2.8,Video_1789,0:56:57
1015,66,France,1751,2.9,Video_1270,10:40:35
1016,47,UK,620,1.4,Video_1823,17:39:00
1017,49,India,935,1.4,Video_1978,3:26:41
1018,63,India,1639,2.3,Video_1945,6:23:09
1019,70,Australia,1258,1.4,Video_362,14:42:08
1020,62,India,1331,3.5,Video_338,13:57:04
1021,47,UK,1223,4.2,Video_1484,12:14:09
1022,34,USA,1808,4.2,Video_1679,20:28:20
1023,67,Canada,1635,2.1,Video_536,11:49:13
1024,51,Germany,1626,2.4,Video_948,0:12:50
1025,50,UK,1800,1.6,Video_1312,10:06:53
1026,16,USA,1550,4.1,Video_1657,22:46:21
1027,41,Germany,1936,4.2,Video_165,3:33:36
1028,37,India,156,2.3,Video_1068,22:40:25
1029,15,France,1171,2.5,Video_1646,17:40:18
1030,16,India,1990,2.5,Video_1175,7:20:24
1031,16,Australia,605,3.7,Video_1292,18:03:34
1032,62,Brazil,564,1.4,Video_1828,8:54:59
1033,44,USA,1090,3.7,Video_72,7:10:36
1034,17,Japan,748,1.4,Video_920,10:13:24
1035,59,USA,1573,2.9,Video_147,19:04:05
1036,37,France,71,3.2,Video_1816,9:14:58
1037,33,Japan,608,3.0,Video_1274,20:05:53
1038,67,Canada,518,2.3,Video_1554,20:25:50
1039,46,Germany,1705,1.4,Video_1373,14:25:06
1040,34,UK,1805,4.5,Video_41,5:37:52
1041,38,Germany,777,2.0,Video_226,18:39:55
1042,16,France,965,1.9,Video_1088,16:54:02
1043,37,Japan,1025,2.4,Video_852,4:46:10
1044,50,Japan,1665,2.3,Video_649,15:59:56
1045,48,France,1551,1.2,Video_832,23:48:55
1046,40,Brazil,788,4.7,Video_1130,4:57:45
1047,48,Germany,1679,2.7,Video_787,10:59:05
1048,32,Canada,1748,1.5,Video_171,9:25:32
1049,57,UK,865,3.1,Video_1823,22:31:43
1050,32,Brazil,1225,1.8,Video_1289,5:59:27
1051,59,France,365,4.3,Video_1013,11:49:43
1052,46,UK,12,3.7,Video_475,1:12:42
1053,22,Canada,1746,1.4,Video_219,16:44:55
1054,40,France,351,4.3,Video_103,5:48:51
1055,18,France,1111,3.3,Video_1406,13:03:46
1056,44,France,1571,1.2,Video_1767,4:13:33
1057,13,Japan,1181,1.6,Video_93,15:30:36
1058,28,USA,89,1.7,Video_744,10:22:44
1059,33,Canada,305,4.1,Video_575,4:49:46
1060,70,Japan,891,3.0,Video_1137,8:12:12
1061,32,Brazil,1937,2.1,Video_331,1:24:54
1062,24,India,3,1.5,Video_545,21:40:51
1063,40,USA,8,1.7,Video_111,18:52:49
1064,26,UK,497,4.7,Video_1342,11:14:11
1065,58,UK,191,5.0,Video_153,10:21:29
1066,22,France,932,4.9,Video_787,3:51:09
1067,36,France,118,2.7,Video_281,12:40:33
1068,22,Japan,1234,2.1,Video_1409,10:15:37
1069,45,Brazil,1972,2.7,Video_233,17:13:50
1070,21,Japan,118,3.8,Video_149,3:23:24
1071,30,USA,460,3.0,Video_1341,12:37:26
1072,40,Japan,152,3.2,Video_393,1:54:48
1073,25,Canada,1879,4.4,Video_779,3:36:22
1074,34,Germany,1092,2.2,Video_735,3:25:37
1075,59,USA,247,2.1,Video_1446,9:07:27
1076,56,Japan,435,1.8,Video_1731,11:39:20
1077,60,UK,279,4.4,Video_1570,21:14:17
1078,52,Australia,142,2.6,Video_1915,1:10:56
1079,31,Canada,1118,3.7,Video_1435,6:59:08
1080,65,UK,1081,3.2,Video_1900,6:01:22
1081,68,USA,1084,1.8,Video_460,19:54:11
1082,13,Germany,898,3.0,Video_209,7:22:03
1083,15,UK,1949,3.3,Video_1902,9:23:15
1084,46,Germany,1147,2.3,Video_127,18:56:45
1085,17,Canada,663,4.0,Video_1927,6:26:43
1086,25,Australia,1035,1.4,Video_264,9:03:03
1087,41,USA,1997,2.8,Video_1893,10:51:27
1088,64,France,318,3.7,Video_1888,4:18:25
1089,19,Canada,1312,1.0,Video_496,11:48:37
1090,28,Brazil,1274,4.3,Video_1323,8:23:10
1091,44,Germany,1313,3.9,Video_1963,13:03:53
1092,54,UK,1192,3.5,Video_484,22:12:09
1093,62,Australia,1738,2.9,Video_1974,4:12:16
1094,18,India,287,1.9,Video_900,2:37:24
1095,25,Germany,1758,4.5,Video_168,9:30:34
1096,44,Japan,1126,1.5,Video_1220,22:09:46
1097,62,Canada,119,1.8,Video_341,6:22:14
1098,53,UK,1838,2.2,Video_1986,9:34:50
1099,62,Canada,1765,2.5,Video_993,14:34:18
1100,20,Brazil,236,1.2,Video_1329,14:17:21
1101,32,Japan,1236,4.2,Video_475,14:43:55
1102,25,Japan,816,3.5,Video_393,13:22:23
1103,28,France,1149,2.6,Video_1053,21:09:14
1104,23,India,626,3.9,Video_708,21:44:48
1105,58,Brazil,1736,1.8,Video_169,9:31:34
1106,61,Australia,779,4.3,Video_879,18:30:42
1107,26,France,504,4.1,Video_1082,13:08:23
1108,65,Japan,1067,4.0,Video_695,17:34:16
1109,28,Australia,1384,4.7,Video_1950,18:55:26
1110,58,Germany,1937,3.4,Video_1515,12:55:07
1111,13,UK,946,2.0,Video_176,5:38:48
1112,20,Germany,1479,1.0,Video_1714,13:50:06
1113,14,France,1006,3.8,Video_768,18:43:03
1114,24,Brazil,967,1.8,Video_1472,3:29:45
1115,52,Brazil,801,2.3,Video_1327,15:41:47
1116,45,India,1040,1.5,Video_571,5:03:59
1117,38,USA,39,2.0,Video_1033,9:29:58
1118,13,Germany,1235,4.1,Video_35,15:10:50
1119,33,Japan,1902,3.4,Video_791,6:40:07
1120,24,Japan,553,3.3,Video_432,4:27:52
1121,68,Australia,509,3.0,Video_1435,22:17:01
1122,35,UK,1073,2.0,Video_822,3:08:55
1123,63,Japan,1706,4.7,Video_1118,23:35:47
1124,18,UK,79,4.5,Video_569,23:41:48
1125,16,France,818,1.5,Video_1765,11:21:04
1126,21,Brazil,1540,4.6,Video_931,13:07:05
1127,44,Germany,1776,2.0,Video_821,1:31:15
1128,51,Brazil,186,2.7,Video_1880,7:55:53
1129,18,Germany,1438,3.5,Video_986,15:15:45
1130,41,India,678,2.8,Video_1079,8:15:20
1131,33,Germany,73,3.5,Video_1585,6:22:45
1132,35,Japan,1335,1.9,Video_535,10:44:34
1133,29,Canada,502,1.9,Video_986,11:11:40
1134,42,Australia,1959,2.7,Video_1990,0:04:48
1135,36,Germany,1464,2.9,Video_769,12:19:49
1136,61,Canada,1226,1.6,Video_351,23:23:45
1137,51,France,1891,3.0,Video_1643,13:34:55
1138,54,Germany,1784,4.8,Video_1574,22:58:28
1139,58,Germany,788,3.6,Video_1050,0:14:46
1140,61,UK,963,3.2,Video_1866,17:19:34
1141,23,Canada,373,1.3,Video_1793,9:34:38
1142,51,USA,1562,1.8,Video_1700,19:45:35
1143,25,USA,1121,3.1,Video_1402,15:54:13
1144,56,India,1005,3.2,Video_1237,22:46:00
1145,69,Canada,612,4.5,Video_71,21:12:35
1146,42,India,860,4.7,Video_1844,22:25:37
1147,56,Canada,848,2.9,Video_979,16:39:58
1148,30,Canada,1954,4.5,Video_1705,15:06:58
1149,51,Canada,1678,3.4,Video_616,5:28:46
1150,26,Japan,492,2.2,Video_1951,8:18:50
1151,22,Canada,203,4.7,Video_1780,10:48:26
1152,25,Canada,679,1.8,Video_1091,11:54:37
1153,20,France,1782,1.1,Video_972,18:13:53
1154,54,Canada,557,2.5,Video_1438,12:24:09
1155,67,Australia,818,1.4,Video_1141,14:40:53
1156,54,Canada,1909,1.2,Video_533,5:05:08
1157,52,Australia,1921,2.3,Video_1342,16:18:41
1158,21,Brazil,289,4.6,Video_119,12:56:22
1159,34,India,1950,3.1,Video_1344,22:56:34
1160,55,Germany,628,3.7,Video_1787,22:08:00
1161,58,Japan,968,3.8,Video_555,4:28:21
1162,66,Canada,1711,1.3,Video_1584,22:54:45
1163,18,Canada,686,2.8,Video_1289,13:30:02
1164,56,Japan,9,3.6,Video_684,14:07:03
1165,33,Canada,845,3.0,Video_1033,15:28:35
1166,66,Australia,419,4.2,Video_1800,10:35:51
1167,29,India,1221,1.8,Video_1504,12:15:28
1168,25,USA,896,2.4,Video_631,15:19:43
1169,28,Germany,1507,3.7,Video_1456,22:19:40
1170,69,India,251,3.8,Video_446,5:28:08
1171,64,Japan,1760,2.4,Video_823,12:44:28
1172,29,India,1491,4.8,Video_979,14:32:37
1173,41,India,1353,3.2,Video_274,10:39:00
1174,37,France,59,2.3,Video_232,13:57:26
1175,49,USA,994,3.7,Video_755,12:18:50
1176,23,India,1013,2.3,Video_1639,21:51:51
1177,40,Canada,298,1.4,Video_763,2:02:53
1178,20,Brazil,541,3.1,Video_1273,22:51:38
1179,44,France,1269,3.3,Video_268,10:54:05
1180,49,Australia,1287,3.8,Video_1890,7:15:45
1181,66,Brazil,1918,1.8,Video_1627,8:22:19
1182,65,Australia,844,2.6,Video_300,21:37:17
1183,35,USA,1289,1.4,Video_1876,11:08:42
1184,18,Canada,198,3.6,Video_860,23:46:33
1185,23,Australia,571,4.2,Video_559,12:02:21
1186,39,Germany,849,1.9,Video_1,14:05:28
1187,30,Australia,687,3.1,Video_1158,22:12:45
1188,39,Brazil,1748,1.6,Video_409,5:03:17
1189,20,France,334,1.6,Video_585,20:04:40
1190,36,Australia,1814,1.2,Video_1189,19:23:30
1191,59,India,908,4.6,Video_1796,10:40:14
1192,30,Canada,1011,4.4,Video_1112,17:24:58
1193,61,India,479,3.2,Video_258,18:35:47
1194,21,Brazil,410,2.9,Video_922,19:31:40
1195,27,India,1954,3.7,Video_473,19:55:26
1196,59,USA,1620,2.6,Video_1600,0:30:43
1197,48,USA,860,4.2,Video_1004,5:35:42
1198,36,Brazil,400,4.4,Video_108,20:31:20
1199,18,India,1094,3.6,Video_1843,15:28:35
1200,34,Japan,1035,2.3,Video_1058,11:53:01
1201,59,Germany,1780,1.0,Video_538,6:49:36
1202,38,Australia,585,3.2,Video_911,13:41:50
1203,69,USA,53,4.7,Video_474,0:29:07
1204,41,India,1944,3.5,Video_1529,4:28:11
1205,38,Japan,41,4.4,Video_709,5:15:27
1206,26,France,1710,1.9,Video_138,10:40:52
1207,70,Brazil,650,4.8,Video_389,7:50:36
1208,59,France,1489,4.3,Video_1093,22:43:06
1209,59,Brazil,500,3.1,Video_576,17:37:09
1210,64,Australia,1067,1.7,Video_1599,9:18:25
1211,16,Canada,1186,3.4,Video_1808,21:33:20
1212,39,India,910,4.1,Video_1279,17:53:35
1213,70,Australia,79,2.6,Video_325,2:16:29
1214,30,USA,1166,2.9,Video_241,13:47:13
1215,18,Brazil,1099,1.5,Video_559,21:36:49
1216,45,France,1554,3.0,Video_1451,7:19:01
1217,19,USA,288,2.1,Video_969,13:36:04
1218,51,UK,1544,4.5,Video_290,9:34:08
1219,37,Australia,651,1.6,Video_713,10:23:06
1220,22,France,562,4.7,Video_1310,20:41:41
1221,66,Brazil,1283,4.0,Video_468,15:00:52
1222,60,UK,877,1.5,Video_1662,18:14:20
1223,62,Australia,911,4.8,Video_148,11:54:34
1224,22,Australia,1101,3.8,Video_1700,9:16:36
1225,38,India,1755,4.5,Video_488,11:45:23
1226,52,Brazil,637,1.4,Video_1114,16:16:00
1227,41,UK,236,4.3,Video_483,17:19:41
1228,60,Japan,1827,3.5,Video_952,10:57:03
1229,67,France,798,1.7,Video_1541,2:27:25
1230,53,Japan,1205,3.2,Video_1492,5:05:45
1231,39,Australia,1971,4.8,Video_788,0:26:13
1232,35,UK,353,2.1,Video_191,13:49:36
1233,29,India,1924,1.7,Video_440,6:37:50
1234,44,India,1848,4.2,Video_1365,20:32:35
1235,25,UK,745,1.3,Video_1207,3:47:21
1236,36,Brazil,1460,4.1,Video_1525,8:26:48
1237,56,Japan,568,3.7,Video_1407,6:23:00
1238,29,Canada,1846,1.0,Video_1889,2:27:28
1239,30,India,1683,4.7,Video_410,21:14:52
1240,53,Germany,664,1.3,Video_984,7:11:01
1241,15,USA,1082,2.2,Video_215,9:04:09
1242,42,Germany,12,3.4,Video_588,19:09:03
1243,47,Germany,972,4.7,Video_1784,3:11:32
1244,14,Canada,699,4.3,Video_1367,22:21:55
1245,15,UK,1196,4.1,Video_1504,5:53:29
1246,69,Japan,1571,2.6,Video_958,12:17:46
1247,67,India,1672,1.1,Video_467,4:39:02
1248,58,Germany,696,1.0,Video_1907,6:35:28
1249,64,Australia,1368,2.9,Video_1100,23:29:35
1250,19,France,1886,1.3,Video_1127,10:51:21
1251,17,Canada,638,2.4,Video_842,13:55:31
1252,18,India,551,4.6,Video_1809,2:55:47
1253,40,Brazil,643,4.0,Video_759,16:19:43
1254,15,Brazil,845,3.8,Video_1962,16:57:09
1255,57,Germany,309,3.3,Video_1656,13:44:41
1256,62,Germany,58,4.5,Video_442,18:50:46
1257,44,UK,946,4.1,Video_1430,9:24:16
1258,34,USA,643,1.5,Video_328,2:26:27
1259,69,USA,600,3.2,Video_829,11:21:22
1260,23,India,634,2.6,Video_1680,0:01:15
1261,18,Brazil,219,4.3,Video_591,8:01:01
1262,53,Japan,358,4.7,Video_1922,21:31:04
1263,18,Germany,1744,3.9,Video_757,11:32:17
1264,25,Germany,1291,1.3,Video_1324,23:04:53
1265,30,Canada,1121,3.7,Video_1489,4:50:08
1266,67,Australia,246,3.5,Video_1138,10:25:18
1267,13,Canada,106,1.5,Video_1937,20:43:16
1268,38,Canada,1425,3.0,Video_379,4:26:51
1269,32,Brazil,367,4.4,Video_51,2:03:06
1270,39,India,1735,3.3,Video_582,1:37:36
1271,23,India,320,2.3,Video_1676,6:44:52
1272,36,Brazil,462,2.4,Video_1839,4:26:20
1273,66,India,1250,4.6,Video_1870,20:50:30
1274,29,France,1779,1.4,Video_1068,1:22:43
1275,66,India,1204,4.6,Video_887,16:30:34
1276,26,Brazil,1009,1.2,Video_1632,5:41:34
1277,23,Germany,1981,3.4,Video_1187,0:41:02
1278,29,Brazil,940,3.3,Video_1190,7:15:25
1279,56,India,913,4.2,Video_936,13:41:13
1280,31,Australia,1158,4.6,Video_403,19:50:23
1281,61,USA,277,3.3,Video_1466,1:06:55
1282,23,UK,705,4.3,Video_416,14:04:16
1283,33,Japan,1469,2.2,Video_1190,8:03:36
1284,30,India,206,2.2,Video_1913,7:46:13
1285,38,Canada,845,1.1,Video_964,2:42:45
1286,35,UK,1004,1.7,Video_1682,1:37:15
1287,35,Germany,207,2.0,Video_1044,9:10:24
1288,46,Germany,111,1.9,Video_522,10:37:06
1289,47,Canada,103,2.2,Video_617,12:32:01
1290,34,France,735,4.7,Video_853,19:16:53
1291,56,France,1573,4.4,Video_1554,18:12:33
1292,38,Australia,1349,3.5,Video_593,2:34:38
1293,18,UK,397,2.6,Video_869,4:46:12
1294,18,Japan,1873,2.8,Video_314,16:34:32
1295,32,Japan,530,4.3,Video_1684,9:27:52
1296,59,Canada,1191,3.8,Video_82,4:22:52
1297,66,UK,1856,4.0,Video_1762,2:42:28
1298,40,Australia,328,4.9,Video_420,3:42:49
1299,38,Canada,1178,2.9,Video_880,18:25:30
1300,41,India,205,1.0,Video_1953,18:28:21
1301,35,USA,938,3.4,Video_1823,2:25:51
1302,57,Japan,1986,4.1,Video_1982,2:55:43
1303,27,India,530,3.7,Video_593,11:18:44
1304,32,India,772,4.2,Video_244,3:01:03
1305,46,USA,518,2.5,Video_991,15:32:39
1306,17,USA,562,1.1,Video_432,23:30:28
1307,69,USA,879,2.4,Video_655,21:06:06
1308,18,France,1342,3.7,Video_458,15:13:51
1309,44,France,423,3.6,Video_508,22:45:45
1310,53,Canada,1082,4.3,Video_1869,4:20:25
1311,34,Brazil,1380,1.8,Video_1229,9:07:56
1312,47,India,1301,3.4,Video_698,4:47:56
1313,61,India,1557,3.9,Video_1396,23:32:54
1314,59,UK,102,1.6,Video_1209,5:51:54
1315,42,Australia,862,4.2,Video_1122,18:39:20
1316,49,Canada,1932,2.1,Video_1069,19:45:16
1317,42,Japan,1889,3.9,Video_1941,1:27:57
1318,64,Australia,1343,3.4,Video_920,8:31:08
1319,19,UK,1422,4.4,Video_1868,16:26:50
1320,27,France,106,2.2,Video_913,3:31:28
1321,63,France,1390,4.6,Video_4,5:58:09
1322,37,USA,949,4.8,Video_1638,5:13:29
1323,36,USA,661,3.5,Video_40,22:33:34
1324,54,Brazil,925,2.5,Video_1043,14:21:54
1325,32,France,756,2.1,Video_1335,15:02:24
1326,13,Japan,803,1.7,Video_1655,21:25:55
1327,24,Canada,1523,1.6,Video_550,20:36:40
1328,58,Brazil,1852,2.1,Video_1303,9:42:55
1329,66,Australia,469,4.2,Video_792,16:32:21
1330,62,France,767,1.7,Video_645,2:47:22
1331,56,Japan,760,4.5,Video_1784,15:21:24
1332,57,Brazil,1584,3.6,Video_268,23:58:23
1333,29,France,635,2.6,Video_1660,14:22:55
1334,17,Germany,1103,1.0,Video_1835,15:50:28
1335,43,USA,1417,2.1,Video_1417,7:50:12
1336,61,India,504,3.3,Video_1326,21:47:11
1337,56,Japan,1929,4.6,Video_543,10:08:34
1338,21,India,1930,3.4,Video_1245,9:20:47
1339,43,UK,313,1.7,Video_1437,21:21:24
1340,41,France,240,3.6,Video_190,18:32:07
1341,44,Canada,1623,4.7,Video_1185,14:27:32
1342,56,Canada,481,1.9,Video_986,17:36:21
1343,46,Brazil,1160,2.1,Video_1557,8:23:04
1344,16,Brazil,1166,1.7,Video_319,0:37:57
1345,16,UK,538,2.1,Video_1612,12:22:31
1346,58,Japan,806,2.0,Video_104,7:24:16
1347,19,France,277,3.7,Video_273,23:02:46
1348,24,Germany,1596,3.9,Video_1976,2:05:25
1349,47,France,1757,2.7,Video_1249,9:29:16
1350,63,Japan,1305,3.0,Video_111,18:19:23
1351,29,India,1430,3.7,Video_1655,11:34:32
1352,39,Germany,736,1.4,Video_118,2:00:35
1353,44,Canada,1382,2.8,Video_36,21:45:03
1354,50,UK,454,4.4,Video_166,14:40:39
1355,63,Australia,934,2.5,Video_1286,23:40:47
1356,57,Australia,1423,2.8,Video_337,2:21:07
1357,22,UK,304,2.5,Video_795,0:14:03
1358,63,Canada,881,4.9,Video_836,10:42:00
1359,19,Germany,561,4.6,Video_608,0:30:30
1360,42,Brazil,1941,5.0,Video_993,9:21:00
1361,43,India,382,4.0,Video_1930,22:23:50
1362,18,Brazil,596,3.3,Video_55,7:27:52
1363,16,Australia,45,4.4,Video_421,21:35:12
1364,60,India,1613,1.5,Video_1006,12:58:40
1365,20,Australia,752,4.6,Video_1044,0:15:55
1366,68,Germany,594,3.0,Video_978,12:43:41
1367,51,Japan,1899,4.6,Video_1282,21:43:00
1368,61,Japan,1902,2.2,Video_1203,0:27:46
1369,19,Germany,988,1.0,Video_730,21:54:54
1370,24,Brazil,376,3.4,Video_929,0:29:14
1371,14,France,1279,4.6,Video_547,0:25:10
1372,45,India,1758,2.5,Video_226,2:34:08
1373,22,India,1200,4.2,Video_267,11:45:25
1374,20,Brazil,1247,1.7,Video_1708,7:11:29
1375,57,Canada,97,2.5,Video_1228,3:18:44
1376,64,Brazil,362,3.3,Video_1023,18:51:48
1377,62,Brazil,1456,4.8,Video_276,15:19:09
1378,20,Germany,945,4.0,Video_1882,12:59:16
1379,38,India,1522,2.9,Video_1656,6:20:14
1380,45,Canada,466,3.6,Video_258,6:15:51
1381,26,Germany,790,3.2,Video_414,6:15:26
1382,13,Canada,367,3.5,Video_101,20:14:48
1383,25,Canada,110,2.7,Video_165,8:58:14
1384,52,UK,1233,2.8,Video_1781,20:07:28
1385,64,France,1539,3.9,Video_541,9:36:52
1386,41,France,585,3.5,Video_1236,17:07:07
1387,20,France,1879,4.5,Video_177,14:31:03
1388,40,Canada,994,4.8,Video_505,19:12:05
1389,21,Brazil,660,2.0,Video_788,7:03:26
1390,40,India,573,4.8,Video_864,3:05:32
1391,17,Japan,1045,1.8,Video_384,20:12:11
1392,35,Brazil,1804,4.8,Video_1952,5:03:20
1393,31,Germany,395,3.7,Video_1194,20:06:38
1394,53,UK,1854,1.4,Video_498,15:28:32
1395,13,UK,1313,4.3,Video_1770,11:15:14
1396,66,Japan,614,3.3,Video_322,6:43:19
1397,64,France,219,2.4,Video_1795,3:21:57
1398,36,Brazil,791,2.1,Video_629,18:15:49
1399,49,France,473,4.9,Video_232,3:38:02
1400,29,Canada,1556,3.7,Video_443,0:56:30
1401,31,Brazil,1430,1.1,Video_724,5:29:46
1402,41,Brazil,1117,2.8,Video_1230,10:16:17
1403,39,India,1555,2.2,Video_153,15:33:49
1404,64,India,455,2.6,Video_1216,12:49:50
1405,36,Japan,1011,3.3,Video_841,18:56:47
1406,31,Japan,83,3.7,Video_259,9:19:36
1407,59,Germany,499,2.5,Video_1520,6:39:27
1408,43,Japan,803,1.1,Video_1314,20:16:31
1409,62,Brazil,1633,3.9,Video_1747,11:29:10
1410,28,Canada,1108,4.6,Video_383,14:03:26
1411,60,Japan,1181,1.4,Video_1112,10:15:09
1412,23,Japan,1084,2.6,Video_1190,13:06:16
1413,47,Brazil,415,5.0,Video_1938,8:55:20
1414,37,India,865,2.9,Video_1447,19:51:15
1415,54,India,1930,4.2,Video_1138,1:03:05
1416,18,Japan,1678,3.7,Video_208,17:55:15
1417,30,Australia,1394,1.3,Video_929,16:41:23
1418,55,UK,36,3.3,Video_1979,8:31:02
1419,54,Australia,1418,2.3,Video_49,1:01:45
1420,36,Brazil,602,4.3,Video_1332,9:12:32
1421,70,Canada,1917,4.5,Video_1339,9:05:05
1422,65,Brazil,1820,1.3,Video_1259,12:50:41
1423,35,France,1385,3.0,Video_1524,6:13:11
1424,46,Brazil,531,1.9,Video_93,8:14:53
1425,42,Germany,437,3.1,Video_1068,20:18:48
1426,18,Canada,1513,1.3,Video_29,1:25:47
1427,66,Japan,1794,2.6,Video_450,23:02:30
1428,54,UK,1880,4.1,Video_705,10:21:28
1429,49,France,1093,3.2,Video_1913,15:32:30
1430,27,Germany,1423,3.5,Video_67,18:53:01
1431,67,UK,190,1.5,Video_814,2:29:30
1432,33,Brazil,1243,3.3,Video_1199,21:12:32
1433,38,USA,1106,3.0,Video_206,7:32:28
1434,48,Brazil,986,3.4,Video_1630,18:57:21
1435,53,UK,691,2.0,Video_1731,13:38:27
1436,46,Australia,1947,4.7,Video_892,18:41:36
1437,52,France,1457,4.1,Video_1457,7:14:47
1438,33,Brazil,1775,4.8,Video_1455,10:37:31
1439,14,USA,1140,3.4,Video_1857,9:34:44
1440,27,Australia,1663,3.4,Video_71,3:18:59
1441,40,India,314,3.1,Video_1707,0:40:37
1442,36,UK,1045,1.5,Video_1239,19:53:47
1443,46,Germany,835,1.4,Video_103,19:07:01
1444,63,Japan,1405,1.6,Video_753,13:58:05
1445,44,Brazil,758,2.0,Video_487,15:21:00
1446,18,Japan,1631,3.3,Video_561,21:46:25
1447,31,Australia,1604,2.7,Video_1692,19:00:31
1448,61,Australia,1356,2.1,Video_1760,18:07:19
1449,40,UK,1147,1.5,Video_1734,15:31:32
1450,17,India,1116,3.3,Video_388,22:52:09
1451,65,Japan,686,3.6,Video_176,19:54:07
1452,60,Germany,499,1.4,Video_1529,18:40:53
1453,26,Australia,1871,3.2,Video_991,2:49:26
1454,20,Brazil,639,3.2,Video_797,12:52:56
1455,29,Germany,724,3.9,Video_502,0:20:31
1456,54,Germany,993,1.4,Video_859,12:48:09
1457,55,France,1672,1.0,Video_1008,0:37:03
1458,44,Japan,783,3.0,Video_463,10:27:53
1459,57,Japan,1981,1.9,Video_783,21:39:36
1460,70,Brazil,1798,1.4,Video_1944,13:37:39
1461,63,Canada,160,1.5,Video_706,5:04:47
1462,17,Brazil,665,1.1,Video_975,14:54:37
1463,51,Japan,1778,2.8,Video_1178,16:21:21
1464,18,Germany,1326,2.9,Video_1210,15:26:12
1465,15,Brazil,1641,1.3,Video_1687,6:42:45
1466,52,India,30,2.1,Video_1243,4:24:20
1467,42,Canada,286,3.9,Video_109,21:35:39
1468,69,Canada,295,3.8,Video_825,19:00:46
1469,69,Australia,1097,4.4,Video_1487,21:52:46
1470,60,Germany,1843,1.6,Video_1093,20:27:45
1471,43,Japan,891,3.0,Video_967,10:05:31
1472,35,Japan,715,2.9,Video_1362,6:50:24
1473,50,India,1157,1.2,Video_787,10:13:19
1474,39,Japan,110,3.6,Video_1554,22:20:22
1475,34,Germany,69,1.4,Video_1814,3:52:25
1476,50,Japan,304,2.6,Video_1746,2:06:28
1477,19,USA,1297,1.4,Video_1733,9:15:00
1478,43,Germany,1311,2.7,Video_372,9:20:35
1479,42,UK,1640,2.5,Video_1764,23:52:54
1480,21,USA,722,1.5,Video_1234,10:37:57
1481,38,USA,1685,2.8,Video_331,4:35:23
1482,67,Germany,1870,1.0,Video_1528,5:53:07
1483,65,Canada,840,4.0,Video_759,4:20:03
1484,51,Japan,964,3.1,Video_634,11:04:09
1485,53,Canada,1310,1.3,Video_1137,13:04:58
1486,59,UK,1255,2.3,Video_1294,11:55:52
1487,38,France,1079,2.0,Video_178,0:36:32
1488,53,France,839,4.1,Video_1958,7:20:29
1489,30,USA,374,1.3,Video_254,9:55:39
1490,48,Australia,526,2.0,Video_1318,23:48:29
1491,42,USA,654,4.1,Video_62,18:55:45
1492,42,Australia,1220,1.0,Video_1169,18:02:46
1493,51,India,763,2.9,Video_1829,15:55:06
1494,22,France,1279,1.7,Video_103,3:10:15
1495,41,Japan,897,2.0,Video_999,11:35:07
1496,24,Canada,390,4.0,Video_738,13:23:07
1497,27,India,1392,1.7,Video_444,21:29:18
1498,16,USA,1958,3.8,Video_739,14:31:04
1499,44,Canada,507,3.1,Video_301,12:56:12
1500,67,France,839,2.2,Video_1462,10:39:36
1501,54,Germany,417,2.0,Video_1316,8:26:20
1502,35,France,1385,4.2,Video_568,16:07:01
1503,15,India,1017,4.7,Video_1298,22:44:55
1504,19,Canada,1293,3.2,Video_1327,0:57:25
1505,18,Japan,1278,2.3,Video_318,5:35:14
1506,29,India,1626,1.6,Video_1380,16:19:48
1507,41,India,573,4.6,Video_945,0:06:06
1508,28,Germany,1376,4.3,Video_521,17:33:01
1509,13,Canada,853,4.7,Video_654,5:00:39
1510,30,Australia,1562,2.7,Video_373,4:02:03
1511,23,Germany,400,2.8,Video_1721,11:40:59
1512,67,France,506,2.5,Video_1755,18:53:29
1513,27,France,476,1.1,Video_636,15:02:33
1514,35,Australia,1734,3.0,Video_718,11:03:42
1515,42,India,1387,3.6,Video_1730,22:10:36
1516,32,Canada,1519,2.5,Video_977,17:34:51
1517,18,UK,668,3.1,Video_542,10:15:54
1518,23,Japan,730,5.0,Video_1375,10:25:09
1519,61,Germany,1734,2.3,Video_1351,18:34:33
1520,36,France,1521,1.8,Video_752,14:11:51
1521,48,Australia,812,1.8,Video_508,13:26:24
1522,37,France,1376,4.8,Video_1057,22:23:06
1523,65,Canada,1532,3.9,Video_151,7:34:30
1524,22,Brazil,1854,1.7,Video_735,6:35:39
1525,55,Germany,1749,2.8,Video_149,0:12:22
1526,16,UK,1953,4.8,Video_1895,3:51:32
1527,33,Japan,1706,4.2,Video_191,9:55:20
1528,33,India,177,3.6,Video_886,21:55:47
1529,50,UK,616,1.3,Video_740,3:34:25
1530,18,Canada,714,2.8,Video_1638,22:43:28
1531,67,France,440,1.3,Video_525,12:57:31
1532,35,Australia,276,4.3,Video_60,21:08:36
1533,42,India,580,1.0,Video_1153,21:05:07
1534,38,Canada,1720,2.9,Video_652,0:00:33
1535,31,Brazil,53,2.1,Video_82,17:55:01
1536,60,Japan,331,2.6,Video_894,11:05:22
1537,51,Japan,1299,4.1,Video_1958,3:58:58
1538,18,UK,272,4.5,Video_1224,0:50:50
1539,45,UK,1767,4.6,Video_1755,23:56:49
1540,59,Germany,1705,2.7,Video_1423,13:39:38
1541,51,Brazil,1597,4.2,Video_1541,0:43:11
1542,17,Brazil,70,1.2,Video_1260,17:26:37
1543,47,Canada,413,1.4,Video_16,3:37:57
1544,66,USA,8,2.7,Video_632,12:06:13
1545,61,Canada,755,4.8,Video_1220,10:24:51
1546,42,Canada,692,3.7,Video_999,14:40:23
1547,35,France,549,3.7,Video_805,20:06:01
1548,56,France,1707,1.2,Video_1578,15:11:20
1549,64,USA,36,1.9,Video_1235,9:54:02
1550,51,Australia,1089,2.5,Video_1990,10:15:45
1551,26,Japan,108,4.3,Video_1006,5:11:03
1552,52,Japan,1092,1.5,Video_1410,21:04:57
1553,69,USA,1408,1.1,Video_340,19:56:14
1554,37,USA,1128,2.3,Video_1261,6:29:22
1555,14,Brazil,883,2.1,Video_1718,4:10:33
1556,64,USA,1061,1.9,Video_794,7:41:43
1557,56,Canada,1065,3.3,Video_558,17:54:26
1558,56,Germany,868,1.7,Video_1498,23:38:53
1559,46,Brazil,198,3.9,Video_486,1:37:08
1560,27,India,1629,1.4,Video_1214,13:32:58
1561,27,Brazil,1220,3.0,Video_1185,15:29:07
1562,64,India,687,1.7,Video_518,16:47:29
1563,36,India,1128,2.8,Video_924,18:56:46
1564,52,UK,80,3.4,Video_424,17:20:55
1565,65,Australia,973,2.3,Video_1869,23:15:03
1566,51,UK,1787,4.6,Video_1728,20:51:09
1567,19,Japan,499,3.3,Video_940,22:41:56
1568,55,Brazil,766,2.4,Video_330,11:22:10
1569,41,India,262,1.9,Video_1003,3:25:17
1570,70,Germany,662,5.0,Video_1056,23:02:38
1571,67,UK,1916,3.0,Video_304,7:28:16
1572,55,Brazil,63,1.5,Video_1202,16:47:17
1573,64,India,1671,1.8,Video_769,13:50:58
1574,49,Japan,442,4.7,Video_98,17:25:10
1575,30,Germany,705,4.1,Video_91,2:17:25
1576,13,UK,1876,1.2,Video_1806,9:14:19
1577,67,Germany,281,4.8,Video_1425,22:19:14
1578,32,Brazil,1151,4.1,Video_1765,7:05:35
1579,38,Japan,1418,1.9,Video_306,5:35:14
1580,53,Brazil,1762,4.0,Video_697,4:36:45
1581,65,Australia,947,4.0,Video_352,1:26:18
1582,21,USA,1437,2.5,Video_469,13:53:16
1583,51,Japan,1471,4.0,Video_311,1:12:10
1584,69,France,979,1.8,Video_358,7:29:38
1585,45,Australia,557,3.7,Video_1697,14:09:10
1586,18,India,295,1.2,Video_499,7:18:55
1587,59,USA,1459,4.8,Video_1913,20:06:40
1588,61,UK,1524,1.9,Video_1320,9:59:12
1589,27,Australia,775,1.1,Video_744,1:30:40
1590,18,Brazil,212,1.2,Video_1968,17:01:32
1591,55,Canada,1648,3.0,Video_1869,18:34:29
1592,31,India,366,3.3,Video_587,10:14:19
1593,59,Brazil,1593,1.0,Video_1244,10:34:42
1594,42,Australia,1123,2.8,Video_1553,18:27:21
1595,48,Japan,1942,2.5,Video_389,9:45:23
1596,51,Australia,827,2.8,Video_144,11:01:13
1597,61,France,800,1.9,Video_1430,16:26:31
1598,68,France,1524,1.5,Video_865,11:04:38
1599,57,Brazil,309,2.3,Video_1936,16:22:50
1600,34,Australia,467,4.6,Video_1780,3:33:58
1601,66,Australia,944,2.8,Video_1187,13:56:17
1602,42,Germany,1070,2.5,Video_743,15:52:52
1603,31,Australia,1057,4.4,Video_1885,8:01:03
1604,43,Germany,1260,2.8,Video_1210,10:03:20
1605,52,France,1567,1.8,Video_1508,20:11:34
1606,45,Canada,1573,1.6,Video_642,1:27:18
1607,26,Japan,1798,1.4,Video_1951,23:31:26
1608,17,Australia,996,4.6,Video_1805,17:57:01
1609,56,UK,162,2.6,Video_1741,8:47:42
1610,42,USA,1421,4.7,Video_1463,6:23:01
1611,61,Brazil,1297,2.4,Video_768,20:58:18
1612,18,Japan,308,2.7,Video_1501,14:30:51
1613,25,UK,9,3.9,Video_1720,19:04:38
1614,32,USA,2000,3.9,Video_1885,22:42:50
1615,15,India,734,4.0,Video_1278,16:46:41
1616,29,Japan,626,2.2,Video_586,13:23:52
1617,33,Brazil,786,4.1,Video_682,23:49:07
1618,61,USA,1443,5.0,Video_1901,2:59:05
1619,19,Brazil,1260,4.3,Video_1345,5:57:06
1620,58,Canada,1929,3.4,Video_281,23:52:14
1621,68,Brazil,1729,1.5,Video_1028,3:37:51
1622,69,USA,637,4.6,Video_1690,19:45:23
1623,57,France,355,3.6,Video_154,3:06:16
1624,57,France,1214,3.8,Video_1956,8:14:28
1625,26,Brazil,1423,1.5,Video_1474,23:13:07
1626,25,Japan,947,1.8,Video_1202,18:35:00
1627,34,France,1924,2.1,Video_270,4:01:25
1628,57,Japan,649,4.5,Video_1156,17:07:07
1629,40,Australia,213,4.1,Video_1603,5:22:36
1630,67,Japan,1769,1.8,Video_202,23:15:21
1631,36,Japan,1490,1.3,Video_1766,9:12:07
1632,43,Germany,1745,2.5,Video_1008,20:44:58
1633,67,India,1572,4.6,Video_1929,21:21:58
1634,32,Canada,941,1.3,Video_220,3:14:20
1635,28,Germany,218,4.6,Video_233,12:19:06
1636,54,Canada,1316,4.8,Video_1962,21:00:22
1637,65,Germany,940,1.9,Video_1793,6:06:04
1638,19,Germany,725,4.8,Video_1647,11:20:50
1639,67,Brazil,475,4.3,Video_278,3:51:33
1640,67,Brazil,1918,1.2,Video_1724,18:49:31
1641,66,Brazil,627,1.9,Video_539,17:06:00
1642,41,Brazil,530,1.3,Video_424,21:48:52
1643,54,USA,1124,3.9,Video_1211,15:17:18
1644,70,Japan,107,4.6,Video_1596,9:01:56
1645,54,India,245,3.9,Video_472,20:05:30
1646,30,Australia,139,1.3,Video_350,17:03:07
1647,65,India,867,1.4,Video_1346,3:26:25
1648,34,Japan,1912,4.9,Video_1205,12:45:47
1649,43,Brazil,1708,4.6,Video_1179,1:37:05
1650,21,UK,1345,3.2,Video_1181,22:57:38
1651,30,USA,760,3.7,Video_694,12:27:18
1652,17,Japan,1726,1.5,Video_774,20:28:29
1653,44,USA,1594,1.4,Video_655,10:35:57
1654,49,France,385,4.0,Video_938,18:37:23
1655,13,UK,1373,1.1,Video_1238,9:58:28
1656,21,Canada,687,2.9,Video_1963,16:28:36
1657,26,Japan,1904,1.5,Video_156,12:06:57
1658,47,UK,125,2.0,Video_1312,12:10:36
1659,60,Australia,785,4.8,Video_371,23:24:04
1660,42,Brazil,1137,3.7,Video_936,10:49:36
1661,38,Brazil,1000,2.2,Video_1912,4:47:06
1662,32,France,1640,2.0,Video_198,3:39:44
1663,47,Brazil,1582,1.6,Video_100,19:02:09
1664,49,India,1586,3.9,Video_190,5:53:31
1665,20,India,795,1.2,Video_996,9:09:47
1666,55,Japan,56,1.0,Video_1879,1:10:41
1667,45,Canada,1264,2.6,Video_1831,14:32:43
1668,25,Germany,796,5.0,Video_34,0:40:08
1669,38,UK,1525,2.8,Video_1855,15:16:36
1670,25,USA,186,1.2,Video_177,1:09:20
1671,56,Germany,1642,1.8,Video_1781,1:42:35
1672,25,Canada,954,2.1,Video_243,13:04:39
1673,17,Germany,235,3.5,Video_1855,22:55:53
1674,46,Germany,294,4.2,Video_34,17:23:47
1675,49,Japan,1776,2.7,Video_392,11:55:22
1676,64,France,1585,2.0,Video_1805,15:19:58
1677,51,USA,206,3.6,Video_1800,20:33:00
1678,14,Canada,938,3.0,Video_788,10:57:59
1679,46,UK,306,3.7,Video_1306,7:46:31
1680,70,France,526,2.3,Video_95,11:25:47
1681,27,USA,306,2.1,Video_816,12:26:12
1682,39,Germany,713,1.3,Video_232,20:28:53
1683,65,Germany,1411,3.2,Video_55,14:59:16
1684,44,India,1648,1.4,Video_840,11:22:13
1685,58,Germany,1333,3.9,Video_1512,23:51:57
1686,48,Canada,616,5.0,Video_425,20:25:36
1687,44,Canada,797,4.1,Video_1054,4:06:52
1688,19,Germany,277,4.1,Video_1371,13:58:24
1689,18,UK,1059,3.5,Video_180,10:29:17
1690,43,Brazil,1394,3.1,Video_848,19:55:37
1691,52,USA,1258,2.1,Video_1533,1:23:56
1692,18,USA,143,4.5,Video_677,17:25:36
1693,35,India,1541,4.9,Video_1807,12:03:43
1694,39,France,942,1.8,Video_710,18:14:46
1695,65,Canada,548,3.0,Video_909,19:44:45
1696,36,UK,1810,2.7,Video_1334,23:59:39
1697,25,UK,1644,2.5,Video_1723,1:31:29
1698,70,Australia,644,3.2,Video_744,12:18:51
1699,32,Germany,830,4.8,Video_1255,11:39:24
1700,57,Australia,1039,3.3,Video_1478,1:48:50
1701,49,UK,1535,3.5,Video_499,18:26:10
1702,68,France,1540,4.2,Video_643,1:51:03
1703,68,France,1789,2.1,Video_924,12:18:50
1704,48,Germany,595,3.2,Video_1096,12:03:40
1705,60,UK,516,3.4,Video_1893,17:38:56
1706,36,Australia,1344,2.7,Video_1482,18:26:54
1707,36,UK,1261,3.6,Video_1493,10:42:46
1708,41,Australia,574,4.2,Video_1360,0:52:39
1709,62,UK,1261,1.1,Video_168,21:06:00
1710,57,USA,55,2.8,Video_418,5:07:03
1711,40,Canada,553,2.2,Video_860,7:46:12
1712,54,UK,1052,3.4,Video_1164,22:07:03
1713,59,Germany,585,1.2,Video_357,12:01:44
1714,34,USA,1312,3.5,Video_375,12:27:48
1715,69,Germany,1005,2.3,Video_1033,16:56:03
1716,51,Canada,1452,3.2,Video_1838,7:53:01
1717,26,Australia,1777,2.6,Video_696,17:41:13
1718,17,India,1509,4.8,Video_1891,7:33:46
1719,48,Japan,23,2.3,Video_97,3:09:57
1720,33,Germany,1392,3.9,Video_367,23:51:34
1721,63,Brazil,220,2.4,Video_1423,20:40:57
1722,20,USA,1418,1.5,Video_1339,9:06:37
1723,48,Germany,1487,2.2,Video_1521,13:29:44
1724,67,Brazil,675,3.2,Video_1823,15:51:15
1725,17,USA,1529,4.4,Video_91,18:47:08
1726,44,Japan,744,3.9,Video_379,2:53:16
1727,20,UK,572,2.9,Video_116,0:31:37
1728,18,Brazil,1571,1.2,Video_1487,6:54:22
1729,70,Australia,1411,4.5,Video_1885,22:29:28
1730,28,UK,1050,2.2,Video_1002,12:29:35
1731,39,Japan,1437,4.7,Video_1206,16:39:33
1732,44,India,409,2.1,Video_1983,15:38:24
1733,51,India,1155,3.6,Video_133,15:16:06
1734,39,Japan,1905,2.6,Video_505,4:37:04
1735,15,Brazil,928,3.0,Video_667,15:49:10
1736,55,India,1605,2.2,Video_8,16:29:07
1737,27,USA,1046,2.4,Video_1177,4:09:29
1738,36,USA,1026,2.3,Video_26,9:03:53
1739,14,UK,1941,3.7,Video_1845,19:28:38
1740,27,Brazil,421,2.9,Video_671,9:55:40
1741,41,Japan,1470,3.1,Video_1548,0:37:29
1742,40,Japan,689,3.2,Video_237,3:19:33
1743,18,Brazil,1087,4.1,Video_688,19:00:16
1744,70,France,1575,4.0,Video_217,15:00:48
1745,26,Australia,1063,4.1,Video_802,0:47:09
1746,39,Japan,72,4.3,Video_1481,11:17:03
1747,63,USA,1054,4.1,Video_118,7:13:33
1748,41,France,777,5.0,Video_1935,9:05:15
1749,15,France,1324,3.5,Video_514,10:24:18
1750,63,Australia,1810,5.0,Video_718,12:56:25
1751,60,UK,213,1.6,Video_1331,0:43:38
1752,43,France,1258,4.3,Video_1674,12:34:17
1753,33,Canada,511,3.6,Video_1637,23:46:16
1754,29,Brazil,192,2.2,Video_1260,16:23:52
1755,17,Germany,1480,3.3,Video_254,20:46:07
1756,20,India,279,1.9,Video_1382,23:55:03
1757,50,UK,1088,3.8,Video_1459,14:39:29
1758,17,Germany,703,4.8,Video_1530,8:41:03
1759,45,UK,1420,4.0,Video_1776,11:28:49
1760,52,USA,938,4.6,Video_1992,0:01:30
1761,16,USA,1908,2.2,Video_885,0:55:41
1762,70,Brazil,601,1.7,Video_633,23:23:26
1763,69,Brazil,882,3.0,Video_1292,13:52:21
1764,34,USA,84,3.7,Video_1216,1:07:49
1765,54,Japan,530,4.7,Video_410,12:46:18
1766,18,India,80,4.6,Video_716,11:13:15
1767,63,Japan,1705,2.9,Video_726,20:57:19
1768,37,UK,636,3.6,Video_878,11:02:35
1769,23,Canada,396,1.0,Video_1026,11:41:21
1770,22,Canada,1139,4.2,Video_869,14:03:11
1771,66,India,516,2.0,Video_49,7:30:57
1772,23,India,242,2.3,Video_1655,16:09:18
1773,42,Brazil,1313,2.2,Video_839,13:00:17
1774,66,USA,452,2.5,Video_1456,22:34:51
1775,51,USA,1590,3.9,Video_1125,6:25:29
1776,44,USA,1204,1.3,Video_1980,17:33:29
1777,51,Germany,501,2.4,Video_1602,2:07:44
1778,13,India,992,1.1,Video_430,4:37:24
1779,35,USA,1319,3.7,Video_296,16:47:35
1780,41,USA,1796,3.6,Video_42,7:38:55
1781,55,Germany,84,3.4,Video_860,7:45:00
1782,36,Canada,539,2.2,Video_1772,15:26:18
1783,21,Australia,1766,2.1,Video_1760,13:37:15
1784,14,UK,1292,3.7,Video_1592,19:35:07
1785,38,Brazil,144,3.0,Video_101,19:12:56
1786,41,Germany,1717,3.8,Video_1363,10:12:08
1787,43,Brazil,1121,2.8,Video_808,6:08:30
1788,20,France,44,1.8,Video_1089,5:44:21
1789,46,USA,219,3.1,Video_1137,8:56:21
1790,52,Brazil,815,1.1,Video_1757,16:24:59
1791,27,France,754,4.5,Video_1271,13:51:34
1792,57,Germany,179,3.0,Video_420,23:18:10
1793,20,India,797,1.8,Video_579,20:13:16
1794,49,USA,952,3.0,Video_387,0:17:02
1795,67,France,633,3.1,Video_1272,9:52:54
1796,13,Canada,238,4.7,Video_777,15:17:56
1797,23,Japan,427,4.9,Video_1358,17:23:03
1798,70,India,1491,2.6,Video_559,21:14:57
1799,51,USA,1028,1.7,Video_52,15:14:14
1800,69,Australia,1438,2.0,Video_363,14:08:04
1801,20,UK,607,3.3,Video_1530,16:16:42
1802,35,UK,301,2.7,Video_796,15:36:14
1803,41,Canada,1577,3.9,Video_938,18:03:11
1804,48,Brazil,885,3.0,Video_223,22:06:44
1805,21,India,1050,4.8,Video_1685,13:44:37
1806,56,France,912,2.2,Video_1799,4:46:39
1807,44,France,1704,2.1,Video_1847,12:48:58
1808,32,Canada,1105,3.6,Video_1791,7:24:37
1809,43,India,344,4.3,Video_1973,23:50:40
1810,24,Japan,158,3.9,Video_850,12:55:30
1811,49,Japan,1908,1.2,Video_1171,21:01:13
1812,44,Australia,1152,1.0,Video_388,14:26:49
1813,42,India,1369,4.7,Video_1499,1:38:01
1814,28,Japan,799,3.9,Video_1004,23:58:54
1815,31,Japan,1832,4.5,Video_798,3:14:13
1816,21,Brazil,695,3.7,Video_1607,16:32:00
1817,47,Japan,1307,2.1,Video_1716,8:47:52
1818,25,USA,1658,1.4,Video_1201,22:34:39
1819,15,USA,939,4.4,Video_917,8:03:47
1820,64,USA,592,4.2,Video_1762,21:53:30
1821,56,Australia,1342,2.2,Video_1835,6:29:38
1822,29,Germany,32,2.8,Video_442,18:16:52
1823,44,Brazil,1009,3.5,Video_1776,14:33:37
1824,51,UK,72,4.9,Video_765,7:13:46
1825,54,Brazil,544,2.0,Video_540,7:33:40
1826,55,Brazil,1631,3.5,Video_918,2:44:03
1827,55,Japan,585,3.3,Video_337,20:16:18
1828,13,Japan,176,3.0,Video_1118,7:05:50
1829,23,USA,1072,1.8,Video_429,1:45:04
1830,65,Canada,1079,2.9,Video_334,10:18:37
1831,50,UK,49,1.1,Video_570,20:03:44
1832,15,Germany,1840,4.5,Video_1964,5:46:58
1833,61,India,861,2.9,Video_1328,3:16:28
1834,22,Brazil,554,4.7,Video_144,15:21:09
1835,52,UK,1699,2.2,Video_2000,2:29:59
1836,25,Australia,270,1.7,Video_1695,12:32:53
1837,26,Germany,1201,1.5,Video_67,2:33:36
1838,59,Japan,1845,2.6,Video_1244,10:01:52
1839,28,France,237,2.2,Video_1236,10:47:57
1840,49,Canada,753,4.9,Video_689,21:24:48
1841,34,Brazil,361,4.1,Video_1087,6:05:49
1842,65,USA,210,4.7,Video_1512,12:12:56
1843,43,USA,553,3.0,Video_851,3:19:54
1844,20,France,1524,1.6,Video_91,12:18:38
1845,57,Japan,156,2.8,Video_1896,3:01:04
1846,70,France,1133,3.4,Video_1147,15:18:18
1847,32,Japan,146,3.1,Video_511,11:39:47
1848,61,Canada,1402,3.7,Video_1840,18:09:43
1849,30,Canada,1364,2.3,Video_1080,0:01:36
1850,55,France,558,1.1,Video_568,14:31:32
1851,58,Japan,1651,2.9,Video_205,15:09:57
1852,44,France,914,2.4,Video_1127,13:39:04
1853,31,UK,1501,2.1,Video_114,4:39:55
1854,43,India,1038,1.1,Video_1077,0:26:56
1855,63,Brazil,1783,4.7,Video_497,15:26:48
1856,50,USA,1251,1.0,Video_1080,20:22:13
1857,66,USA,676,2.2,Video_417,14:03:08
1858,66,UK,398,2.4,Video_48,19:33:29
1859,66,UK,148,1.7,Video_1145,18:47:42
1860,36,Japan,1453,3.3,Video_688,19:36:30
1861,24,UK,180,1.6,Video_86,16:46:26
1862,41,Brazil,1112,2.1,Video_315,4:55:03
1863,33,India,1616,2.7,Video_348,6:26:39
1864,64,Australia,785,1.6,Video_1636,5:52:42
1865,52,Brazil,483,4.1,Video_164,15:51:46
1866,61,Japan,683,3.8,Video_1556,13:27:05
1867,44,Germany,700,3.1,Video_986,9:23:26
1868,15,France,1171,1.7,Video_1390,18:23:01
1869,30,Brazil,256,3.0,Video_1187,14:33:06
1870,66,USA,1485,2.5,Video_1918,23:18:33
1871,31,France,1316,4.2,Video_1834,4:14:17
1872,28,Australia,1581,3.9,Video_548,2:57:40
1873,38,India,1017,4.3,Video_273,2:43:35
1874,22,Japan,1359,1.7,Video_1317,7:29:44
1875,61,UK,423,4.7,Video_1111,16:02:57
1876,53,Australia,1008,4.7,Video_1052,13:31:19
1877,52,USA,1472,3.0,Video_1350,14:24:03
1878,17,Brazil,1052,3.7,Video_1724,12:00:14
1879,22,France,1419,2.7,Video_1498,0:12:15
1880,14,Australia,786,1.3,Video_1104,5:22:17
1881,32,Canada,35,4.1,Video_1124,1:29:58
1882,38,India,975,3.0,Video_712,19:07:54
1883,66,Canada,1163,2.1,Video_695,21:02:03
1884,47,Brazil,1636,1.3,Video_24,4:58:54
1885,70,France,1885,4.0,Video_261,3:53:33
1886,46,France,1620,2.2,Video_1668,21:17:48
1887,31,France,1635,1.3,Video_445,12:11:25
1888,19,UK,1399,3.7,Video_20,3:52:49
1889,27,Canada,1139,3.1,Video_796,17:24:20
1890,37,USA,862,4.5,Video_844,1:57:52
1891,18,Brazil,1309,4.3,Video_1401,11:12:02
1892,56,Brazil,755,3.1,Video_172,21:52:47
1893,21,France,1497,1.2,Video_1588,23:30:43
1894,56,France,23,4.1,Video_511,18:51:04
1895,40,USA,1851,1.0,Video_500,10:20:23
1896,45,USA,1668,5.0,Video_1441,15:12:48
1897,15,Brazil,1825,4.7,Video_376,6:01:01
1898,35,Canada,1648,3.5,Video_104,8:10:25
1899,47,Brazil,1387,3.9,Video_1041,17:03:51
1900,41,Japan,349,1.3,Video_1875,18:38:31
1901,45,India,664,2.7,Video_1137,4:46:16
1902,67,France,1495,4.0,Video_380,8:50:18
1903,18,Australia,957,3.1,Video_904,22:43:28
1904,50,Australia,104,4.7,Video_348,10:47:43
1905,27,USA,1596,2.0,Video_1976,20:33:10
1906,36,India,398,2.9,Video_1195,19:19:14
1907,43,Brazil,1257,2.1,Video_1937,0:25:48
1908,42,UK,309,2.2,Video_286,2:25:28
1909,29,Canada,1425,2.5,Video_629,23:30:11
1910,70,Japan,297,1.6,Video_1,17:29:27
1911,62,France,1314,3.9,Video_1606,0:58:56
1912,62,Germany,382,3.5,Video_1294,12:25:32
1913,34,USA,1849,3.1,Video_415,9:25:39
1914,39,France,1909,4.2,Video_1287,6:12:18
1915,14,UK,822,3.4,Video_789,0:22:01
1916,41,India,1838,3.5,Video_1409,11:00:20
1917,30,Brazil,714,2.5,Video_1059,7:22:05
1918,56,USA,1440,2.8,Video_1717,10:47:45
1919,60,India,1039,3.6,Video_1082,19:28:04
1920,25,Brazil,1104,1.1,Video_1059,14:03:39
1921,26,Japan,897,2.4,Video_1089,8:55:18
1922,27,India,771,1.9,Video_1974,20:12:05
1923,31,USA,1760,1.6,Video_1802,4:26:17
1924,69,Australia,963,2.6,Video_288,15:11:36
1925,55,India,1495,2.6,Video_1388,2:48:05
1926,26,Germany,1871,3.9,Video_351,12:40:40
1927,49,Germany,1718,2.2,Video_841,17:45:08
1928,31,Canada,1923,3.3,Video_539,13:43:38
1929,16,Brazil,1935,1.6,Video_1754,20:48:45
1930,18,Japan,1519,2.9,Video_1692,13:06:29
1931,19,Canada,268,2.9,Video_1372,21:36:42
1932,57,Germany,1440,4.9,Video_129,9:53:32
1933,46,India,1428,3.5,Video_1178,22:41:36
1934,65,Brazil,524,2.0,Video_1952,13:39:21
1935,50,Australia,1390,4.9,Video_265,6:23:15
1936,70,Canada,1571,3.2,Video_1177,6:07:08
1937,46,France,386,1.1,Video_1256,15:44:18
1938,57,Japan,1904,2.2,Video_1407,8:45:52
1939,48,Japan,1542,1.5,Video_636,3:50:02
1940,29,Brazil,825,3.4,Video_21,8:51:58
1941,48,USA,478,1.5,Video_123,14:45:36
1942,46,Japan,241,3.4,Video_550,1:48:09
1943,13,USA,1331,3.4,Video_410,13:02:04
1944,30,USA,513,2.1,Video_1354,16:58:33
1945,32,Germany,319,2.3,Video_439,16:20:23
1946,69,Japan,949,3.9,Video_849,13:19:09
1947,37,Australia,329,1.1,Video_1858,22:43:55
1948,61,Brazil,856,1.3,Video_16,3:19:04
1949,24,Canada,4,1.5,Video_457,14:38:54
1950,45,USA,1191,2.0,Video_291,4:46:45
1951,23,USA,614,3.8,Video_420,6:01:12
1952,56,Japan,283,4.1,Video_1831,5:43:54
1953,42,UK,650,2.2,Video_816,7:44:09
1954,34,Canada,845,3.1,Video_488,14:36:48
1955,54,France,607,2.5,Video_1414,20:39:35
1956,36,USA,1079,4.1,Video_1997,13:14:02
1957,50,USA,829,2.7,Video_526,12:17:41
1958,13,Australia,451,1.2,Video_637,8:10:04
1959,67,Brazil,1413,4.5,Video_1866,12:56:47
1960,59,USA,288,2.9,Video_1312,22:34:43
1961,69,USA,514,2.1,Video_1939,3:28:21
1962,51,Australia,844,4.0,Video_1085,18:07:15
1963,54,USA,914,4.0,Video_1824,3:04:43
1964,43,USA,1124,4.0,Video_318,17:52:56
1965,35,Japan,468,4.9,Video_1759,15:06:37
1966,29,Brazil,1396,3.4,Video_573,8:48:50
1967,14,Germany,1779,2.8,Video_586,20:02:36
1968,18,Japan,1771,1.4,Video_1487,20:53:40
1969,43,France,1007,4.0,Video_1347,11:48:54
1970,29,Germany,1486,4.9,Video_1246,14:14:45
1971,20,UK,1814,4.8,Video_1706,4:51:29
1972,55,USA,1040,4.0,Video_956,4:56:46
1973,30,Germany,1643,4.9,Video_623,4:13:12
1974,32,France,900,1.8,Video_1621,3:33:26
1975,41,India,1183,1.0,Video_580,15:39:56
1976,21,USA,1698,1.7,Video_492,16:06:29
1977,37,France,383,4.5,Video_528,14:38:33
1978,19,UK,192,1.9,Video_1812,0:19:32
1979,44,Brazil,1719,2.7,Video_1087,15:07:00
1980,69,India,1546,1.7,Video_1148,1:55:54
1981,52,Canada,424,3.4,Video_1272,7:01:52
1982,65,India,440,1.3,Video_815,16:50:46
1983,36,UK,521,3.8,Video_365,21:26:22
1984,57,Brazil,1154,1.6,Video_1638,5:14:06
1985,51,Germany,1821,3.2,Video_1244,2:17:49
1986,28,Canada,465,1.6,Video_1031,17:49:07
1987,66,India,840,4.4,Video_1590,10:35:40
1988,47,Australia,906,4.0,Video_918,21:51:15
1989,54,Japan,1897,4.5,Video_1150,3:42:31
1990,55,USA,1814,2.1,Video_1830,14:35:10
1991,44,Japan,736,1.3,Video_886,10:28:13
1992,35,Brazil,1999,2.3,Video_1100,11:19:39
1993,66,Brazil,1993,1.6,Video_977,22:40:24
1994,53,Japan,190,1.4,Video_1278,19:32:38
1995,69,Japan,1067,1.9,Video_1429,4:33:21
1996,15,Japan,818,5.0,Video_1033,7:58:43
1997,57,India,1063,4.4,Video_958,4:36:51
1998,28,France,921,3.7,Video_1500,13:52:21
1999,42,India,929,3.8,Video_1030,21:14:56
2000,68,India,321,4.5,Video_189,17:00:13
